,"freq,nrg_bal,siec,uni",",geo\TIME_PERIOD	2010 	2011 	2012 	2013 	2014 	2015 	2016 	2017 	2018 	2019 	2020 	2021 "
0,"A,NRGSUP,C0000X0350-0370,KTOE,AL	110.900 	138.974 	77.225 	67.005 	86.449 	94.089 	49.941 	123.149 	239.094 	123.502 	150.666 	227.071 ",
1,"A,NRGSUP,C0000X0350-0370,KTOE,AT	3383.533 	3482.458 	3245.066 	3316.827 	3049.524 	3225.201 	3013.647 	3108.778 	2739.549 	2885.071 	2471.505 	2536.022 ",
2,"A,NRGSUP,C0000X0350-0370,KTOE,BA	: 	: 	: 	: 	3657.915 	3615.414 	4111.803 	4188.714 	4230.078 	3908.080 	4009.674 	3972.128 ",
3,"A,NRGSUP,C0000X0350-0370,KTOE,BE	3787.179 	3505.124 	3235.666 	3563.085 	3476.418 	3425.180 	3165.661 	3069.947 	3080.495 	3050.644 	2364.790 	2597.319 ",
4,"A,NRGSUP,C0000X0350-0370,KTOE,BG	6938.197 	8093.680 	6915.000 	5946.623 	6357.280 	6607.404 	5698.588 	6122.761 	5633.718 	5248.812 	4282.891 	5292.706 ",
5,"A,NRGSUP,C0000X0350-0370,KTOE,CY	16.779 	7.460 	0.124 	0.124 	2.218 	3.679 	0.000 	2.980 	13.614 	17.199 	14.004 	40.105 ",
6,"A,NRGSUP,C0000X0350-0370,KTOE,CZ	18846.975 	18300.811 	17283.113 	17276.269 	15972.076 	16394.610 	16553.885 	15837.627 	15815.285 	14191.778 	12298.302 	12920.974 ",
7,"A,NRGSUP,C0000X0350-0370,KTOE,DE	79075.728 	77965.871 	79918.633 	81561.127 	79604.753 	79414.733 	77130.836 	71308.498 	69738.592 	56465.035 	44655.002 	53202.414 ",
8,"A,NRGSUP,C0000X0350-0370,KTOE,DK	3808.941 	3234.475 	2467.764 	3173.545 	2533.670 	1817.650 	2004.774 	1535.847 	1592.478 	968.926 	819.714 	1120.017 ",
9,"A,NRGSUP,C0000X0350-0370,KTOE,EE	23.940 	29.079 	24.464 	27.993 	33.582 	13.360 	8.659 	12.289 	16.743 	14.129 	-2.726 	-8.983 ",
10,"A,NRGSUP,C0000X0350-0370,KTOE,EL	7863.033 	7886.860 	8134.842 	6981.004 	6687.083 	5606.374 	4369.484 	4816.635 	4564.069 	3196.088 	1830.920 	1710.922 ",
11,"A,NRGSUP,C0000X0350-0370,KTOE,ES	7281.087 	12716.137 	15518.743 	11447.726 	11568.180 	13583.196 	10836.007 	12907.895 	11521.899 	5071.746 	3099.844 	3096.851 ",
12,"A,NRGSUP,C0000X0350-0370,KTOE,EU27_2020	245080.872 	250502.005 	248764.792 	244923.244 	232764.392 	234079.306 	224584.154 	218776.696 	210423.045 	171994.660 	140629.431 	162756.321 ",
13,"A,NRGSUP,C0000X0350-0370,KTOE,FI	4586.783 	3948.281 	2994.989 	3787.802 	3070.626 	2735.524 	2956.109 	2836.165 	2735.441 	2128.570 	1838.623 	2079.265 ",
14,"A,NRGSUP,C0000X0350-0370,KTOE,FR	11962.119 	11279.263 	12526.685 	13244.766 	9845.648 	9326.745 	9111.639 	9921.502 	9132.124 	7328.580 	5298.894 	8471.429 ",
15,"A,NRGSUP,C0000X0350-0370,KTOE,GE	: 	: 	: 	315.223 	290.868 	271.769 	261.649 	291.568 	302.559 	241.170 	213.048 	224.409 ",
16,"A,NRGSUP,C0000X0350-0370,KTOE,HR	682.451 	702.845 	631.555 	674.764 	646.754 	605.362 	651.151 	392.335 	366.355 	418.431 	361.191 	415.335 ",
17,"A,NRGSUP,C0000X0350-0370,KTOE,HU	2703.315 	2708.427 	2604.277 	2265.987 	2208.787 	2359.386 	2189.208 	2235.030 	2133.421 	1829.302 	1683.004 	1371.900 ",
18,"A,NRGSUP,C0000X0350-0370,KTOE,IE	1233.085 	1223.247 	1484.982 	1306.516 	1248.850 	1465.668 	1449.600 	1146.377 	788.017 	387.583 	447.717 	915.422 ",
19,"A,NRGSUP,C0000X0350-0370,KTOE,IS	90.126 	90.730 	92.641 	97.595 	86.743 	93.004 	96.872 	97.303 	112.570 	106.207 	92.877 	128.496 ",
20,"A,NRGSUP,C0000X0350-0370,KTOE,IT	13673.981 	15331.374 	15714.641 	13536.181 	13058.829 	12299.680 	10983.003 	9341.797 	8538.161 	6480.370 	5094.549 	5537.733 ",
21,"A,NRGSUP,C0000X0350-0370,KTOE,LT	182.001 	210.410 	200.168 	227.067 	195.934 	160.293 	159.335 	163.209 	172.912 	169.367 	134.591 	160.112 ",
22,"A,NRGSUP,C0000X0350-0370,KTOE,LU	65.576 	59.128 	54.824 	52.562 	52.088 	49.215 	50.930 	47.116 	41.760 	45.757 	38.442 	42.084 ",
23,"A,NRGSUP,C0000X0350-0370,KTOE,LV	106.504 	109.635 	90.975 	70.895 	58.864 	46.258 	40.313 	40.385 	45.233 	39.281 	22.966 	17.166 ",
24,"A,NRGSUP,C0000X0350-0370,KTOE,MD	114.138 	118.986 	108.526 	146.996 	92.673 	97.075 	71.730 	101.397 	82.784 	101.683 	77.531 	91.351 ",
25,"A,NRGSUP,C0000X0350-0370,KTOE,ME	419.716 	424.336 	381.000 	367.802 	358.563 	378.361 	308.296 	314.093 	356.401 	368.408 	382.947 	336.020 ",
26,"A,NRGSUP,C0000X0350-0370,KTOE,MK	1304.849 	1459.780 	1397.659 	1162.993 	1083.575 	948.274 	880.256 	972.347 	840.246 	1038.561 	759.960 	653.065 ",
27,"A,NRGSUP,C0000X0350-0370,KTOE,MT	0.000 	0.000 	0.000 	0.000 	0.000 	0.000 	0.000 	0.000 	0.000 	0.000 	0.000 	0.000 ",
28,"A,NRGSUP,C0000X0350-0370,KTOE,NL	7541.217 	7439.357 	8151.505 	8124.174 	9006.792 	11087.370 	10274.540 	9214.499 	8278.131 	6421.526 	4109.355 	5666.288 ",
29,"A,NRGSUP,C0000X0350-0370,KTOE,NO	763.139 	846.178 	816.456 	775.182 	850.024 	820.897 	757.636 	847.705 	823.223 	801.166 	823.727 	840.115 ",
30,"A,NRGSUP,C0000X0350-0370,KTOE,PL	55222.218 	54638.924 	50261.754 	53190.541 	49272.847 	48374.764 	49536.845 	49671.831 	49250.079 	43840.905 	40914.707 	45913.985 ",
31,"A,NRGSUP,C0000X0350-0370,KTOE,PT	1657.624 	2208.385 	2934.351 	2650.161 	2680.395 	3258.283 	2846.447 	3227.148 	2696.205 	1248.145 	565.735 	195.598 ",
32,"A,NRGSUP,C0000X0350-0370,KTOE,RO	6948.709 	8092.644 	7560.015 	5708.308 	5727.532 	5892.232 	5277.933 	5388.666 	5046.953 	4893.433 	3481.925 	4044.579 ",
33,"A,NRGSUP,C0000X0350-0370,KTOE,RS	7752.569 	8758.448 	7621.410 	7909.813 	6261.011 	7739.946 	7917.648 	7872.652 	7548.933 	7503.656 	7902.413 	6986.368 ",
34,"A,NRGSUP,C0000X0350-0370,KTOE,SE	2139.284 	2159.931 	1940.820 	1986.522 	1932.970 	1980.216 	1906.102 	1910.165 	2011.338 	1857.815 	1478.356 	1658.615 ",
35,"A,NRGSUP,C0000X0350-0370,KTOE,SI	1453.379 	1464.658 	1392.884 	1351.998 	1048.665 	1067.887 	1147.378 	1140.425 	1131.466 	1066.221 	1020.145 	935.215 ",
36,"A,NRGSUP,C0000X0350-0370,KTOE,SK	3897.234 	3703.541 	3476.952 	3450.677 	3424.027 	3279.036 	3222.080 	3376.789 	3339.007 	2729.946 	2304.985 	2823.248 ",
37,"A,NRGSUP,C0000X0350-0370,KTOE,TR	31094.639 	33100.442 	34668.155 	29819.980 	33884.132 	34597.909 	37870.214 	40091.015 	40824.691 	41823.118 	39694.515 	41397.682 ",
38,"A,NRGSUP,C0000X0350-0370,KTOE,UA	38130.913 	41382.985 	42448.739 	41508.770 	35508.976 	29994.798 	29588.829 	25636.938 	27957.212 	25985.907 	22780.559 	: ",
39,"A,NRGSUP,C0000X0350-0370,KTOE,UK	31873.870 	30888.983 	39325.920 	36933.112 	29588.080 	24669.916 	12636.952 	10145.578 	8190.303 	5872.590 	: 	: ",
40,"A,NRGSUP,C0000X0350-0370,KTOE,XK	1674.643 	1622.899 	1532.123 	1555.560 	1355.198 	1557.613 	1687.894 	1418.006 	1434.162 	1504.638 	1543.645 	1567.063 ",
41,"A,NRGSUP,C0350-0370,KTOE,AL	0.000 	0.000 	0.000 	0.000 	0.000 	0.000 	0.000 	0.000 	0.000 	0.000 	0.000 	0.000 ",
42,"A,NRGSUP,C0350-0370,KTOE,AT	0.000 	0.000 	0.000 	0.000 	0.000 	0.000 	0.000 	0.000 	0.000 	0.000 	0.000 	0.000 ",
43,"A,NRGSUP,C0350-0370,KTOE,BA	: 	: 	: 	: 	0.000 	0.000 	0.000 	0.000 	0.000 	0.000 	0.000 	0.000 ",
44,"A,NRGSUP,C0350-0370,KTOE,BE	0.000 	0.000 	0.000 	0.000 	0.000 	0.000 	0.000 	0.000 	0.000 	0.000 	0.000 	0.000 ",
45,"A,NRGSUP,C0350-0370,KTOE,BG	0.000 	0.000 	0.000 	0.000 	0.000 	0.000 	0.000 	0.000 	0.000 	0.000 	0.000 	0.000 ",
46,"A,NRGSUP,C0350-0370,KTOE,CY	0.000 	0.000 	0.000 	0.000 	0.000 	0.000 	0.000 	0.000 	0.000 	0.000 	0.000 	0.000 ",
47,"A,NRGSUP,C0350-0370,KTOE,CZ	0.000 	0.000 	0.000 	0.000 	0.000 	0.000 	0.000 	0.000 	0.000 	0.000 	0.000 	0.000 ",
48,"A,NRGSUP,C0350-0370,KTOE,DE	0.000 	0.000 	0.000 	0.000 	0.000 	0.000 	0.000 	0.000 	0.000 	0.000 	0.000 	0.000 ",
49,"A,NRGSUP,C0350-0370,KTOE,DK	0.000 	0.000 	0.000 	0.000 	0.000 	0.000 	0.000 	0.000 	0.000 	0.000 	0.000 	0.000 ",
50,"A,NRGSUP,C0350-0370,KTOE,EE	0.000 	0.000 	0.000 	0.000 	0.000 	0.000 	0.000 	0.000 	0.000 	0.000 	0.000 	0.000 ",
51,"A,NRGSUP,C0350-0370,KTOE,EL	0.000 	0.000 	0.000 	0.000 	0.000 	0.000 	0.000 	0.000 	0.000 	0.000 	0.000 	0.000 ",
52,"A,NRGSUP,C0350-0370,KTOE,ES	0.000 	0.000 	0.000 	0.000 	0.000 	0.000 	0.000 	0.000 	0.000 	0.000 	0.000 	0.000 ",
53,"A,NRGSUP,C0350-0370,KTOE,EU27_2020	0.000 	0.000 	0.000 	0.000 	0.000 	0.000 	0.000 	0.000 	0.000 	0.000 	0.000 	0.000 ",
54,"A,NRGSUP,C0350-0370,KTOE,FI	0.000 	0.000 	0.000 	0.000 	0.000 	0.000 	0.000 	0.000 	0.000 	0.000 	0.000 	0.000 ",
55,"A,NRGSUP,C0350-0370,KTOE,FR	0.000 	0.000 	0.000 	0.000 	0.000 	0.000 	0.000 	0.000 	0.000 	0.000 	0.000 	0.000 ",
56,"A,NRGSUP,C0350-0370,KTOE,GE	: 	: 	: 	0.000 	0.000 	0.000 	0.000 	0.000 	0.000 	0.000 	0.000 	0.000 ",
57,"A,NRGSUP,C0350-0370,KTOE,HR	0.000 	0.000 	0.000 	0.000 	0.000 	0.000 	0.000 	0.000 	0.000 	0.000 	0.000 	0.000 ",
58,"A,NRGSUP,C0350-0370,KTOE,HU	0.000 	0.000 	0.000 	0.000 	0.000 	0.000 	0.000 	0.000 	0.000 	0.000 	0.000 	0.000 ",
59,"A,NRGSUP,C0350-0370,KTOE,IE	0.000 	0.000 	0.000 	0.000 	0.000 	0.000 	0.000 	0.000 	0.000 	0.000 	0.000 	0.000 ",
60,"A,NRGSUP,C0350-0370,KTOE,IS	0.000 	0.000 	0.000 	0.000 	0.000 	0.000 	0.000 	0.000 	0.000 	0.000 	0.000 	0.000 ",
61,"A,NRGSUP,C0350-0370,KTOE,IT	0.000 	0.000 	0.000 	0.000 	0.000 	0.000 	0.000 	0.000 	0.000 	0.000 	0.000 	0.000 ",
62,"A,NRGSUP,C0350-0370,KTOE,LT	0.000 	0.000 	0.000 	0.000 	0.000 	0.000 	0.000 	0.000 	0.000 	0.000 	0.000 	0.000 ",
63,"A,NRGSUP,C0350-0370,KTOE,LU	0.000 	0.000 	0.000 	0.000 	0.000 	0.000 	0.000 	0.000 	0.000 	0.000 	0.000 	0.000 ",
64,"A,NRGSUP,C0350-0370,KTOE,LV	0.000 	0.000 	0.000 	0.000 	0.000 	0.000 	0.000 	0.000 	0.000 	0.000 	0.000 	0.000 ",
65,"A,NRGSUP,C0350-0370,KTOE,MD	0.000 	0.000 	0.000 	0.000 	0.000 	0.000 	0.000 	0.000 	0.000 	0.000 	0.000 	0.000 ",
66,"A,NRGSUP,C0350-0370,KTOE,ME	0.000 	0.000 	0.000 	0.000 	0.000 	0.000 	0.000 	0.000 	0.000 	0.000 	0.000 	0.000 ",
67,"A,NRGSUP,C0350-0370,KTOE,MK	0.000 	0.000 	0.000 	0.000 	0.000 	0.000 	0.000 	0.000 	0.000 	0.000 	0.000 	0.000 ",
68,"A,NRGSUP,C0350-0370,KTOE,MT	0.000 	0.000 	0.000 	0.000 	0.000 	0.000 	0.000 	0.000 	0.000 	0.000 	0.000 	0.000 ",
69,"A,NRGSUP,C0350-0370,KTOE,NL	0.000 	0.000 	0.000 	0.000 	0.000 	0.000 	0.000 	0.000 	0.000 	0.000 	0.000 	0.000 ",
70,"A,NRGSUP,C0350-0370,KTOE,NO	0.000 	0.000 	0.000 	0.000 	0.000 	0.000 	0.000 	0.000 	0.000 	0.000 	0.000 	0.000 ",
71,"A,NRGSUP,C0350-0370,KTOE,PL	0.000 	0.000 	0.000 	0.000 	0.000 	0.000 	0.000 	0.000 	0.000 	0.000 	0.000 	0.000 ",
72,"A,NRGSUP,C0350-0370,KTOE,PT	0.000 	0.000 	0.000 	0.000 	0.000 	0.000 	0.000 	0.000 	0.000 	0.000 	0.000 	0.000 ",
73,"A,NRGSUP,C0350-0370,KTOE,RO	0.000 	0.000 	0.000 	0.000 	0.000 	0.000 	0.000 	0.000 	0.000 	0.000 	0.000 	0.000 ",
74,"A,NRGSUP,C0350-0370,KTOE,RS	0.000 	0.000 	0.000 	0.000 	0.000 	0.000 	0.000 	0.000 	0.000 	0.000 	0.000 	0.000 ",
75,"A,NRGSUP,C0350-0370,KTOE,SE	0.000 	0.000 	0.000 	0.000 	0.000 	0.000 	0.000 	0.000 	0.000 	0.000 	0.000 	0.000 ",
76,"A,NRGSUP,C0350-0370,KTOE,SI	0.000 	0.000 	0.000 	0.000 	0.000 	0.000 	0.000 	0.000 	0.000 	0.000 	0.000 	0.000 ",
77,"A,NRGSUP,C0350-0370,KTOE,SK	0.000 	0.000 	0.000 	0.000 	0.000 	0.000 	0.000 	0.000 	0.000 	0.000 	0.000 	0.000 ",
78,"A,NRGSUP,C0350-0370,KTOE,TR	0.000 	0.000 	0.000 	0.000 	0.000 	0.000 	0.000 	0.000 	0.000 	0.000 	0.000 	0.000 ",
79,"A,NRGSUP,C0350-0370,KTOE,UA	0.000 	0.000 	0.000 	0.000 	0.000 	0.000 	0.000 	0.000 	0.000 	0.000 	0.000 	: ",
80,"A,NRGSUP,C0350-0370,KTOE,UK	0.000 	0.000 	0.000 	0.000 	0.000 	0.000 	0.000 	0.000 	0.000 	0.000 	: 	: ",
81,"A,NRGSUP,C0350-0370,KTOE,XK	0.000 	0.000 	0.000 	0.000 	0.000 	0.000 	0.000 	0.000 	0.000 	0.000 	0.000 	0.000 ",
82,"A,NRGSUP,E7000,KTOE,AL	-81.599 	280.482 	218.229 	199.742 	263.715 	120.292 	-3.611 	250.613 	-78.530 	206.882 	195.667 	-47.120 ",
83,"A,NRGSUP,E7000,KTOE,AT	209.512 	705.018 	241.012 	625.147 	797.483 	865.135 	615.587 	562.847 	769.287 	269.010 	188.806 	648.595 ",
84,"A,NRGSUP,E7000,KTOE,BA	: 	: 	: 	: 	-243.852 	-183.577 	-323.044 	-158.298 	-396.045 	-321.582 	-348.323 	-408.856 ",
85,"A,NRGSUP,E7000,KTOE,BE	47.377 	218.143 	854.342 	828.891 	1513.586 	1805.589 	531.642 	517.764 	1489.897 	-159.467 	-28.624 	-677.257 ",
86,"A,NRGSUP,E7000,KTOE,BG	-726.225 	-916.681 	-714.359 	-531.470 	-812.984 	-909.286 	-547.893 	-471.227 	-671.309 	-499.586 	-293.044 	-754.799 ",
87,"A,NRGSUP,E7000,KTOE,CY	0.000 	0.000 	0.000 	0.000 	0.000 	0.000 	0.000 	0.000 	0.000 	0.000 	0.000 	0.000 ",
88,"A,NRGSUP,E7000,KTOE,CZ	-1285.297 	-1465.520 	-1472.055 	-1452.021 	-1401.548 	-1076.096 	-943.594 	-1120.975 	-1195.795 	-1126.105 	-872.989 	-952.301 ",
89,"A,NRGSUP,E7000,KTOE,DE	-1285.899 	-323.732 	-1766.294 	-2768.100 	-2913.586 	-4151.505 	-4344.368 	-4510.662 	-4190.542 	-2808.856 	-1636.199 	-1597.163 ",
90,"A,NRGSUP,E7000,KTOE,DK	-97.592 	113.500 	448.323 	93.035 	245.486 	508.303 	434.832 	392.323 	449.213 	499.644 	591.795 	418.645 ",
91,"A,NRGSUP,E7000,KTOE,EE	-279.794 	-306.277 	-192.605 	-308.512 	-236.801 	-79.536 	-175.150 	-235.082 	-163.113 	185.469 	313.328 	226.056 ",
92,"A,NRGSUP,E7000,KTOE,EL	490.628 	277.902 	153.482 	162.253 	758.298 	826.139 	756.320 	536.285 	539.811 	855.030 	762.167 	316.767 ",
93,"A,NRGSUP,E7000,KTOE,ES	-716.509 	-523.732 	-962.941 	-580.482 	-292.863 	-11.436 	659.243 	788.392 	954.600 	590.054 	281.993 	73.297 ",
94,"A,NRGSUP,E7000,KTOE,EU27_2020	421.271 	83.096 	583.459 	-156.521 	-431.937 	-573.956 	55.581 	-393.439 	761.008 	253.201 	1200.542 	629.185 ",
95,"A,NRGSUP,E7000,KTOE,FI	902.923 	1191.058 	1499.914 	1351.247 	1544.884 	1404.729 	1629.493 	1756.234 	1714.187 	1723.302 	1298.710 	1527.773 ",
96,"A,NRGSUP,E7000,KTOE,FR	-2640.843 	-4850.645 	-3828.117 	-4166.896 	-5777.300 	-5508.426 	-3568.444 	-3450.461 	-5414.161 	-4958.474 	-3872.674 	-3860.039 ",
97,"A,NRGSUP,E7000,KTOE,GE	: 	: 	: 	2.923 	21.410 	3.353 	-6.879 	69.776 	79.123 	118.925 	125.219 	138.882 ",
98,"A,NRGSUP,E7000,KTOE,HR	341.187 	615.219 	638.951 	332.674 	339.897 	583.749 	475.580 	597.911 	463.250 	527.343 	398.908 	340.585 ",
99,"A,NRGSUP,E7000,KTOE,HU	446.690 	571.195 	685.039 	1021.238 	1151.333 	1176.784 	1092.949 	1107.309 	1233.706 	1082.029 	1004.041 	1096.647 ",
100,"A,NRGSUP,E7000,KTOE,IE	40.441 	42.141 	35.552 	192.794 	184.786 	57.899 	-61.199 	-58.341 	-2.384 	55.420 	-13.057 	136.508 ",
101,"A,NRGSUP,E7000,KTOE,IS	0.000 	0.000 	0.000 	0.000 	0.000 	0.000 	0.000 	0.000 	0.000 	0.000 	0.000 	0.000 ",
102,"A,NRGSUP,E7000,KTOE,IT	3797.077 	3932.244 	3706.191 	3623.216 	3758.899 	3987.790 	3183.749 	3246.831 	3774.616 	3279.556 	2768.735 	3679.261 ",
103,"A,NRGSUP,E7000,KTOE,LT	515.047 	579.450 	569.132 	597.248 	655.460 	619.776 	711.522 	746.105 	828.246 	803.405 	680.009 	777.618 ",
104,"A,NRGSUP,E7000,KTOE,LU	349.393 	385.379 	353.424 	425.108 	420.790 	481.454 	541.591 	531.216 	529.780 	505.486 	469.895 	491.946 ",
105,"A,NRGSUP,E7000,KTOE,LV	75.064 	107.051 	145.400 	116.509 	199.226 	156.578 	88.822 	-5.517 	78.150 	96.137 	139.779 	152.419 ",
106,"A,NRGSUP,E7000,KTOE,MD	260.791 	270.507 	281.943 	286.500 	287.360 	285.039 	285.899 	293.379 	300.946 	301.032 	293.895 	310.146 ",
107,"A,NRGSUP,E7000,KTOE,ME	0.172 	134.308 	104.213 	-29.665 	22.442 	44.970 	26.139 	96.320 	-16.853 	21.720 	6.793 	-14.703 ",
108,"A,NRGSUP,E7000,KTOE,MK	122.098 	230.095 	229.493 	208.856 	254.514 	216.079 	174.613 	170.468 	165.068 	157.170 	200.052 	213.046 ",
109,"A,NRGSUP,E7000,KTOE,MT	0.000 	0.000 	0.000 	0.000 	0.000 	90.628 	131.272 	74.065 	53.374 	54.712 	35.733 	43.969 ",
110,"A,NRGSUP,E7000,KTOE,NL	238.607 	781.513 	1471.183 	1568.100 	1266.294 	752.204 	422.560 	301.480 	685.290 	73.537 	-228.680 	21.750 ",
111,"A,NRGSUP,E7000,KTOE,NO	649.097 	-264.402 	-1531.814 	-430.439 	-1340.069 	-1259.243 	-1411.092 	-1303.955 	-872.672 	3.783 	-1760.285 	-1511.936 ",
112,"A,NRGSUP,E7000,KTOE,PL	-116.423 	-450.731 	-244.196 	-388.736 	186.242 	-28.719 	171.883 	196.647 	489.639 	913.411 	1140.760 	76.335 ",
113,"A,NRGSUP,E7000,KTOE,PT	225.537 	241.874 	678.848 	238.693 	77.644 	194.841 	-437.231 	-230.780 	-228.458 	292.276 	125.216 	408.683 ",
114,"A,NRGSUP,E7000,KTOE,RO	-195.529 	-163.887 	21.754 	-173.345 	-612.726 	-578.504 	-431.384 	-248.807 	-218.782 	130.526 	240.096 	189.042 ",
115,"A,NRGSUP,E7000,KTOE,RS	-25.537 	-23.904 	33.448 	-218.143 	134.394 	-78.934 	-165.262 	70.942 	10.017 	6.504 	-52.039 	55.968 ",
116,"A,NRGSUP,E7000,KTOE,SE	178.676 	-621.926 	-1682.975 	-860.017 	-1343.336 	-1943.250 	-1009.028 	-1633.018 	-1480.911 	-2249.441 	-2149.355 	-2198.452 ",
117,"A,NRGSUP,E7000,KTOE,SI	-182.287 	-117.971 	-89.338 	-110.920 	-235.856 	-4.127 	-101.118 	-44.339 	-43.178 	-27.391 	-172.236 	-23.252 ",
118,"A,NRGSUP,E7000,KTOE,SK	89.510 	62.511 	33.792 	7.825 	94.755 	205.331 	227.945 	260.361 	316.595 	146.174 	27.429 	66.552 ",
119,"A,NRGSUP,E7000,KTOE,TR	-66.552 	78.332 	247.034 	533.276 	452.021 	338.865 	419.433 	-49.476 	-54.599 	-49.627 	-51.085 	-159.237 ",
120,"A,NRGSUP,E7000,KTOE,UA	-348.667 	-540.843 	-986.414 	-850.387 	-725.193 	-116.079 	-322.700 	-445.056 	-521.668 	-347.799 	-208.083 	: ",
121,"A,NRGSUP,E7000,KTOE,UK	228.805 	535.082 	1020.120 	1240.843 	1764.488 	1814.751 	1525.800 	1269.126 	1642.962 	1820.333 	: 	: ",
122,"A,NRGSUP,E7000,KTOE,XK	40.069 	35.942 	13.242 	-29.407 	42.218 	11.264 	-43.594 	31.153 	12.757 	2.021 	-27.306 	59.056 ",
123,"A,NRGSUP,G3000,KTOE,AL	11.565 	12.016 	13.220 	14.574 	24.828 	27.365 	34.965 	37.430 	32.310 	57.600 	41.208 	44.269 ",
124,"A,NRGSUP,G3000,KTOE,AT	8122.937 	7666.543 	7326.590 	7060.522 	6467.428 	6908.348 	7242.752 	7776.432 	7362.575 	7676.589 	7318.892 	7731.826 ",
125,"A,NRGSUP,G3000,KTOE,BA	: 	: 	: 	: 	151.827 	177.429 	184.695 	199.743 	199.055 	187.984 	171.475 	206.643 ",
126,"A,NRGSUP,G3000,KTOE,BE	16802.003 	14450.002 	14426.288 	14533.606 	12684.170 	13993.253 	14274.669 	14588.280 	15056.277 	15245.690 	15173.692 	15232.049 ",
127,"A,NRGSUP,G3000,KTOE,BG	2300.370 	2630.269 	2451.170 	2397.726 	2362.603 	2594.771 	2686.560 	2762.258 	2612.142 	2441.818 	2515.152 	2840.943 ",
128,"A,NRGSUP,G3000,KTOE,CY	0.000 	0.000 	0.000 	0.000 	0.000 	0.000 	0.000 	0.000 	0.000 	0.000 	0.000 	0.000 ",
129,"A,NRGSUP,G3000,KTOE,CZ	8069.540 	6809.157 	6856.105 	6946.410 	6182.115 	6482.760 	7016.257 	7200.989 	6819.105 	7158.190 	7276.103 	7796.656 ",
130,"A,NRGSUP,G3000,KTOE,DE	75904.420 	69595.685 	69819.018 	73101.739 	63374.143 	65154.093 	70329.903 	75341.894 	73552.197 	75620.410 	74599.950 	78103.189 ",
131,"A,NRGSUP,G3000,KTOE,DK	4422.026 	3708.540 	3484.462 	3315.936 	2804.025 	2854.022 	2879.115 	2748.847 	2674.472 	2529.247 	2112.236 	1933.425 ",
132,"A,NRGSUP,G3000,KTOE,EE	562.511 	503.289 	545.400 	554.901 	435.555 	390.456 	428.267 	405.958 	413.613 	380.173 	348.002 	394.223 ",
133,"A,NRGSUP,G3000,KTOE,EL	3234.465 	3972.260 	3662.071 	3236.313 	2484.301 	2676.951 	3489.773 	4203.668 	4117.235 	4489.252 	4928.498 	5448.650 ",
134,"A,NRGSUP,G3000,KTOE,ES	31129.504 	28935.740 	28574.705 	26162.987 	23666.644 	24538.550 	25040.064 	27266.758 	27080.954 	30896.840 	27915.389 	29416.765 ",
135,"A,NRGSUP,G3000,KTOE,EU27_2020	362842.244 	333517.253 	327417.937 	321383.735 	283520.277 	296076.643 	313353.300 	330995.800 	324831.514 	335057.644 	326993.897 	340028.008 ",
136,"A,NRGSUP,G3000,KTOE,FI	3837.080 	3359.951 	3005.077 	2856.394 	2513.221 	2236.264 	2058.489 	1932.375 	2176.647 	2132.024 	2115.845 	2132.562 ",
137,"A,NRGSUP,G3000,KTOE,FR	42617.698 	36989.711 	38215.216 	38816.126 	32595.314 	35040.211 	38288.859 	38491.580 	36834.380 	37542.603 	34894.962 	37008.937 ",
138,"A,NRGSUP,G3000,KTOE,GE	: 	: 	: 	1649.826 	1883.779 	2075.227 	1950.892 	2054.956 	2045.301 	2317.363 	2325.664 	2410.695 ",
139,"A,NRGSUP,G3000,KTOE,HR	2632.352 	2570.228 	2413.242 	2281.857 	2019.411 	2081.900 	2170.532 	2493.265 	2292.207 	2405.969 	2525.202 	2429.218 ",
140,"A,NRGSUP,G3000,KTOE,HU	9815.499 	9353.934 	8376.956 	7704.063 	6981.621 	7489.854 	8027.728 	8541.831 	8273.796 	8464.316 	8764.381 	9295.271 ",
141,"A,NRGSUP,G3000,KTOE,IE	4701.814 	4137.314 	4031.367 	3852.828 	3732.229 	3758.965 	4246.671 	4312.570 	4487.602 	4560.102 	4554.664 	4376.852 ",
142,"A,NRGSUP,G3000,KTOE,IS	0.000 	0.000 	0.000 	0.000 	0.000 	0.000 	0.000 	0.000 	0.000 	0.000 	0.000 	0.000 ",
143,"A,NRGSUP,G3000,KTOE,IT	68056.664 	63814.144 	61355.610 	57386.715 	50706.083 	55301.505 	58079.579 	61549.023 	59513.398 	60949.061 	58285.821 	62430.445 ",
144,"A,NRGSUP,G3000,KTOE,LT	2491.788 	2718.035 	2654.041 	2164.510 	2064.510 	2067.476 	1841.595 	1921.474 	1775.688 	1864.400 	1971.754 	1876.279 ",
145,"A,NRGSUP,G3000,KTOE,LU	1196.587 	1032.276 	1051.062 	889.903 	843.161 	768.943 	709.108 	693.134 	683.631 	684.057 	621.269 	669.803 ",
146,"A,NRGSUP,G3000,KTOE,LV	1461.887 	1288.414 	1211.156 	1204.686 	1081.642 	1098.388 	1113.298 	992.955 	1169.043 	1103.325 	910.260 	964.099 ",
147,"A,NRGSUP,G3000,KTOE,MD	865.929 	838.048 	797.377 	752.171 	765.563 	735.103 	754.622 	753.445 	820.218 	757.868 	772.384 	882.993 ",
148,"A,NRGSUP,G3000,KTOE,ME	0.000 	0.000 	0.000 	0.000 	0.000 	0.000 	0.000 	0.000 	0.000 	0.000 	0.000 	0.000 ",
149,"A,NRGSUP,G3000,KTOE,MK	95.550 	110.297 	114.467 	129.557 	111.156 	111.973 	176.056 	226.416 	208.834 	244.132 	278.756 	353.809 ",
150,"A,NRGSUP,G3000,KTOE,MT	0.000 	0.000 	0.000 	0.000 	0.000 	0.000 	0.000 	241.721 	292.925 	306.204 	318.243 	319.117 ",
151,"A,NRGSUP,G3000,KTOE,NL	40066.268 	35043.348 	33486.088 	33380.679 	29102.733 	28628.604 	30031.468 	31167.714 	30731.272 	32047.554 	31438.328 	30143.986 ",
152,"A,NRGSUP,G3000,KTOE,NO	6384.256 	5059.948 	5487.217 	5620.457 	5727.762 	6198.209 	5571.037 	4981.841 	5510.691 	4981.243 	4542.935 	5014.701 ",
153,"A,NRGSUP,G3000,KTOE,PL	12804.729 	12836.393 	13680.288 	13735.834 	13404.428 	13775.774 	14633.405 	15444.888 	16124.103 	16227.909 	17440.338 	18230.683 ",
154,"A,NRGSUP,G3000,KTOE,PT	4488.521 	4463.650 	3932.631 	3755.868 	3473.345 	4050.882 	4322.843 	5415.396 	5043.470 	5302.668 	5204.051 	4972.747 ",
155,"A,NRGSUP,G3000,KTOE,RO	10788.392 	11105.052 	10777.386 	9838.951 	9349.205 	8917.304 	9023.741 	9707.884 	9942.380 	9264.815 	9684.052 	9947.512 ",
156,"A,NRGSUP,G3000,KTOE,RS	1853.375 	1902.601 	1677.859 	1866.552 	1608.952 	1750.354 	1891.370 	2117.196 	2131.883 	1993.255 	1989.471 	2394.543 ",
157,"A,NRGSUP,G3000,KTOE,SE	1465.929 	1158.641 	1006.599 	955.288 	794.046 	723.603 	818.237 	919.596 	1000.623 	942.590 	1252.973 	1006.494 ",
158,"A,NRGSUP,G3000,KTOE,SI	862.833 	737.618 	710.082 	691.853 	626.010 	664.316 	705.052 	738.642 	724.718 	735.615 	735.587 	775.222 ",
159,"A,NRGSUP,G3000,KTOE,SK	5006.427 	4637.059 	4365.327 	4558.040 	3772.334 	3879.450 	3895.335 	4136.668 	4077.061 	4086.223 	4088.253 	4551.055 ",
160,"A,NRGSUP,G3000,KTOE,TR	31394.991 	36788.543 	37261.887 	37555.782 	40204.536 	39383.233 	38262.359 	44232.321 	41017.479 	37044.690 	39670.098 	49063.001 ",
161,"A,NRGSUP,G3000,KTOE,UA	55249.957 	46853.138 	43035.103 	39460.942 	33450.301 	26083.018 	25600.064 	24553.629 	25652.890 	23436.853 	23924.421 	: ",
162,"A,NRGSUP,G3000,KTOE,UK	84817.433 	70343.164 	66385.361 	65783.813 	59939.785 	61246.473 	68954.881 	67275.743 	68075.045 	66833.790 	: 	: ",
163,"A,NRGSUP,G3000,KTOE,XK	0.000 	0.000 	0.000 	0.000 	0.000 	0.000 	0.000 	0.000 	0.000 	0.000 	0.000 	0.000 ",
164,"A,NRGSUP,H8000,KTOE,AL	0.000 	0.000 	0.000 	0.000 	0.000 	0.000 	0.000 	0.000 	0.000 	0.000 	0.000 	0.000 ",
165,"A,NRGSUP,H8000,KTOE,AT	6.790 	4.348 	4.350 	4.784 	4.579 	5.083 	5.287 	4.273 	4.492 	4.363 	3.437 	4.044 ",
166,"A,NRGSUP,H8000,KTOE,BA	: 	: 	: 	: 	0.000 	0.000 	0.000 	0.000 	0.000 	0.000 	0.000 	0.000 ",
167,"A,NRGSUP,H8000,KTOE,BE	255.298 	217.485 	262.022 	304.607 	306.333 	296.210 	358.584 	362.117 	327.884 	309.551 	321.945 	316.763 ",
168,"A,NRGSUP,H8000,KTOE,BG	56.936 	75.418 	55.962 	50.330 	41.698 	43.317 	51.873 	49.897 	47.254 	58.272 	64.050 	60.852 ",
169,"A,NRGSUP,H8000,KTOE,CY	0.000 	0.000 	0.000 	0.000 	0.000 	0.000 	0.000 	0.000 	0.000 	0.000 	0.000 	0.000 ",
170,"A,NRGSUP,H8000,KTOE,CZ	0.000 	1.099 	1.505 	3.607 	5.704 	2.847 	9.664 	10.065 	22.495 	21.622 	20.907 	21.120 ",
171,"A,NRGSUP,H8000,KTOE,DE	-6.353 	-5.685 	-5.995 	-3.798 	-3.368 	-3.463 	-3.105 	-2.962 	0.000 	0.000 	0.000 	0.000 ",
172,"A,NRGSUP,H8000,KTOE,DK	4.156 	3.630 	3.822 	3.702 	3.368 	3.597 	3.061 	2.956 	2.711 	2.547 	2.558 	2.650 ",
173,"A,NRGSUP,H8000,KTOE,EE	0.000 	0.000 	0.000 	0.000 	0.000 	0.000 	0.000 	0.000 	0.000 	0.000 	0.000 	0.000 ",
174,"A,NRGSUP,H8000,KTOE,EL	0.000 	0.000 	0.000 	0.000 	0.000 	0.000 	0.000 	0.000 	0.000 	0.000 	0.000 	0.000 ",
175,"A,NRGSUP,H8000,KTOE,ES	0.000 	0.000 	0.000 	0.000 	0.000 	0.000 	0.000 	0.000 	0.000 	0.000 	0.000 	0.000 ",
176,"A,NRGSUP,H8000,KTOE,EU27_2020	721.561 	732.806 	765.207 	821.372 	869.978 	998.916 	1090.290 	1133.432 	1079.772 	1090.781 	1110.619 	1116.636 ",
177,"A,NRGSUP,H8000,KTOE,FI	123.760 	107.868 	137.508 	152.971 	155.049 	135.058 	164.842 	158.226 	149.699 	152.589 	138.440 	139.906 ",
178,"A,NRGSUP,H8000,KTOE,FR	0.000 	0.000 	0.000 	0.000 	0.000 	0.000 	0.000 	0.000 	0.000 	0.000 	0.000 	0.000 ",
179,"A,NRGSUP,H8000,KTOE,GE	: 	: 	: 	0.000 	0.000 	0.000 	0.000 	0.000 	0.000 	0.000 	0.000 	0.000 ",
180,"A,NRGSUP,H8000,KTOE,HR	0.000 	0.000 	0.000 	0.000 	0.000 	0.000 	0.000 	0.000 	0.000 	0.000 	0.000 	0.000 ",
181,"A,NRGSUP,H8000,KTOE,HU	0.000 	0.000 	0.000 	0.000 	0.000 	0.000 	0.000 	0.000 	0.000 	0.000 	0.000 	0.000 ",
182,"A,NRGSUP,H8000,KTOE,IE	0.000 	0.000 	0.000 	0.000 	0.000 	0.000 	0.000 	0.000 	0.000 	0.000 	0.000 	0.000 ",
183,"A,NRGSUP,H8000,KTOE,IS	0.000 	0.000 	0.000 	0.000 	0.000 	0.000 	0.000 	0.000 	0.000 	0.000 	0.000 	0.000 ",
184,"A,NRGSUP,H8000,KTOE,IT	0.000 	0.000 	0.000 	0.000 	0.000 	0.000 	0.000 	0.000 	0.000 	0.000 	0.000 	0.000 ",
185,"A,NRGSUP,H8000,KTOE,LT	252.365 	288.416 	274.945 	264.388 	300.506 	274.864 	272.045 	324.029 	309.072 	301.892 	230.427 	240.016 ",
186,"A,NRGSUP,H8000,KTOE,LU	0.000 	0.000 	0.000 	0.000 	0.000 	0.000 	0.000 	0.000 	0.000 	0.000 	0.000 	0.000 ",
187,"A,NRGSUP,H8000,KTOE,LV	0.000 	0.000 	0.000 	0.000 	0.000 	0.000 	0.000 	0.000 	0.000 	0.000 	0.000 	0.000 ",
188,"A,NRGSUP,H8000,KTOE,MD	0.000 	0.000 	0.000 	0.000 	0.000 	0.000 	0.000 	0.000 	0.000 	0.000 	0.000 	0.000 ",
189,"A,NRGSUP,H8000,KTOE,ME	0.000 	0.000 	0.000 	0.000 	0.000 	0.000 	0.000 	0.000 	0.000 	0.000 	0.000 	0.000 ",
190,"A,NRGSUP,H8000,KTOE,MK	0.000 	0.000 	0.000 	0.000 	0.000 	0.000 	0.000 	0.000 	0.000 	0.000 	0.000 	0.000 ",
191,"A,NRGSUP,H8000,KTOE,MT	0.000 	0.000 	0.000 	0.000 	0.000 	0.000 	0.000 	0.000 	0.000 	0.000 	0.000 	0.000 ",
192,"A,NRGSUP,H8000,KTOE,NL	0.000 	0.000 	0.000 	0.000 	0.000 	189.191 	204.432 	197.738 	192.190 	215.743 	300.610 	296.607 ",
193,"A,NRGSUP,H8000,KTOE,NO	54.509 	25.093 	12.969 	109.864 	135.392 	144.473 	133.219 	140.150 	144.634 	141.980 	125.047 	165.645 ",
194,"A,NRGSUP,H8000,KTOE,PL	27.281 	38.488 	28.915 	38.994 	51.825 	46.847 	21.625 	25.087 	22.160 	22.435 	26.597 	32.911 ",
195,"A,NRGSUP,H8000,KTOE,PT	1.328 	1.739 	2.173 	1.787 	2.517 	3.454 	0.000 	0.000 	0.000 	0.000 	0.000 	0.000 ",
196,"A,NRGSUP,H8000,KTOE,RO	0.000 	0.000 	0.000 	0.000 	0.000 	0.000 	0.000 	0.000 	0.000 	0.000 	0.000 	0.000 ",
197,"A,NRGSUP,H8000,KTOE,RS	0.000 	0.000 	0.000 	0.000 	0.000 	0.000 	0.000 	0.000 	0.000 	0.000 	0.000 	0.000 ",
198,"A,NRGSUP,H8000,KTOE,SE	0.000 	0.000 	0.000 	0.000 	0.000 	0.000 	0.000 	0.000 	0.000 	0.000 	0.000 	0.000 ",
199,"A,NRGSUP,H8000,KTOE,SI	0.000 	0.000 	0.000 	0.000 	0.000 	0.000 	0.000 	0.000 	0.000 	0.000 	0.000 	0.000 ",
200,"A,NRGSUP,H8000,KTOE,SK	0.000 	0.000 	0.000 	0.000 	1.767 	1.911 	1.982 	2.006 	1.815 	1.767 	1.648 	1.767 ",
201,"A,NRGSUP,H8000,KTOE,TR	0.000 	0.000 	0.000 	0.000 	0.000 	0.000 	0.000 	0.000 	0.000 	0.000 	0.000 	0.000 ",
202,"A,NRGSUP,H8000,KTOE,UA	0.000 	0.000 	0.000 	1000.573 	745.199 	651.180 	612.659 	553.147 	540.015 	687.745 	79.629 	: ",
203,"A,NRGSUP,H8000,KTOE,UK	0.000 	0.000 	0.000 	0.000 	0.000 	0.000 	0.000 	0.000 	0.000 	0.000 	: 	: ",
204,"A,NRGSUP,H8000,KTOE,XK	0.000 	0.000 	0.000 	0.000 	0.000 	0.000 	0.000 	0.000 	0.000 	0.000 	0.000 	0.000 ",
205,"A,NRGSUP,N900H,KTOE,AL	0.000 	0.000 	0.000 	0.000 	0.000 	0.000 	0.000 	0.000 	0.000 	0.000 	0.000 	0.000 ",
206,"A,NRGSUP,N900H,KTOE,AT	0.000 	0.000 	0.000 	0.000 	0.000 	0.000 	0.000 	0.000 	0.000 	0.000 	0.000 	0.000 ",
207,"A,NRGSUP,N900H,KTOE,BA	: 	: 	: 	: 	0.000 	0.000 	0.000 	0.000 	0.000 	0.000 	0.000 	0.000 ",
208,"A,NRGSUP,N900H,KTOE,BE	11608.853 	11700.611 	9765.313 	10336.494 	8176.237 	6283.178 	10588.967 	10299.710 	6960.862 	10593.545 	8371.015 	12223.218 ",
209,"A,NRGSUP,N900H,KTOE,BG	3849.120 	4105.070 	4020.240 	3667.580 	4046.700 	3912.000 	4010.900 	3940.700 	4168.300 	4301.762 	4334.677 	4294.944 ",
210,"A,NRGSUP,N900H,KTOE,CY	0.000 	0.000 	0.000 	0.000 	0.000 	0.000 	0.000 	0.000 	0.000 	0.000 	0.000 	0.000 ",
211,"A,NRGSUP,N900H,KTOE,CZ	7160.395 	7199.850 	7673.985 	7758.521 	7630.766 	6680.352 	5977.498 	7016.777 	7449.000 	7548.204 	7496.295 	7641.632 ",
212,"A,NRGSUP,N900H,KTOE,DE	36200.800 	27807.200 	25618.600 	25052.200 	25010.700 	23636.344 	21794.700 	19654.700 	19571.000 	19332.000 	16576.800 	17768.590 ",
213,"A,NRGSUP,N900H,KTOE,DK	0.000 	0.000 	0.000 	0.000 	0.000 	0.000 	0.000 	0.000 	0.000 	0.000 	0.000 	0.000 ",
214,"A,NRGSUP,N900H,KTOE,EE	0.000 	0.000 	0.000 	0.000 	0.000 	0.000 	0.000 	0.000 	0.000 	0.000 	0.000 	0.000 ",
215,"A,NRGSUP,N900H,KTOE,EL	0.000 	0.000 	0.000 	0.000 	0.000 	0.000 	0.000 	0.000 	0.000 	0.000 	0.000 	0.000 ",
216,"A,NRGSUP,N900H,KTOE,ES	16134.800 	15044.700 	15990.500 	14785.000 	14931.100 	14903.200 	15272.900 	15131.490 	14478.800 	15218.000 	15174.000 	14725.000 ",
217,"A,NRGSUP,N900H,KTOE,EU27_2020	219620.718 	215345.913 	208372.395 	206514.047 	208966.146 	203781.651 	197052.792 	194898.857 	195247.612 	196180.921 	175176.129 	186662.507 ",
218,"A,NRGSUP,N900H,KTOE,FI	5565.000 	5627.000 	5536.000 	5694.000 	5688.500 	5606.200 	5589.800 	5390.100 	5444.100 	5675.900 	5547.600 	5609.200 ",
219,"A,NRGSUP,N900H,KTOE,FR	111612.000 	115209.000 	110863.000 	110414.916 	113747.770 	113996.445 	105078.837 	103860.740 	107628.690 	103987.000 	92211.000 	98864.000 ",
220,"A,NRGSUP,N900H,KTOE,GE	: 	: 	: 	0.000 	0.000 	0.000 	0.000 	0.000 	0.000 	0.000 	0.000 	0.000 ",
221,"A,NRGSUP,N900H,KTOE,HR	0.000 	0.000 	0.000 	0.000 	0.000 	0.000 	0.000 	0.000 	0.000 	0.000 	0.000 	0.000 ",
222,"A,NRGSUP,N900H,KTOE,HU	3963.000 	3964.900 	3986.135 	3869.526 	3937.414 	3994.282 	4070.704 	4084.000 	4006.000 	4106.000 	4053.000 	4034.000 ",
223,"A,NRGSUP,N900H,KTOE,IE	0.000 	0.000 	0.000 	0.000 	0.000 	0.000 	0.000 	0.000 	0.000 	0.000 	0.000 	0.000 ",
224,"A,NRGSUP,N900H,KTOE,IS	0.000 	0.000 	0.000 	0.000 	0.000 	0.000 	0.000 	0.000 	0.000 	0.000 	0.000 	0.000 ",
225,"A,NRGSUP,N900H,KTOE,IT	0.000 	0.000 	0.000 	0.000 	0.000 	0.000 	0.000 	0.000 	0.000 	0.000 	0.000 	0.000 ",
226,"A,NRGSUP,N900H,KTOE,LT	0.000 	0.000 	0.000 	0.000 	0.000 	0.000 	0.000 	0.000 	0.000 	0.000 	0.000 	0.000 ",
227,"A,NRGSUP,N900H,KTOE,LU	0.000 	0.000 	0.000 	0.000 	0.000 	0.000 	0.000 	0.000 	0.000 	0.000 	0.000 	0.000 ",
228,"A,NRGSUP,N900H,KTOE,LV	0.000 	0.000 	0.000 	0.000 	0.000 	0.000 	0.000 	0.000 	0.000 	0.000 	0.000 	0.000 ",
229,"A,NRGSUP,N900H,KTOE,MD	0.000 	0.000 	0.000 	0.000 	0.000 	0.000 	0.000 	0.000 	0.000 	0.000 	0.000 	0.000 ",
230,"A,NRGSUP,N900H,KTOE,ME	0.000 	0.000 	0.000 	0.000 	0.000 	0.000 	0.000 	0.000 	0.000 	0.000 	0.000 	0.000 ",
231,"A,NRGSUP,N900H,KTOE,MK	0.000 	0.000 	0.000 	0.000 	0.000 	0.000 	0.000 	0.000 	0.000 	0.000 	0.000 	0.000 ",
232,"A,NRGSUP,N900H,KTOE,MT	0.000 	0.000 	0.000 	0.000 	0.000 	0.000 	0.000 	0.000 	0.000 	0.000 	0.000 	0.000 ",
233,"A,NRGSUP,N900H,KTOE,NL	917.400 	959.200 	920.000 	656.200 	941.300 	937.350 	916.140 	789.540 	812.260 	910.310 	955.890 	890.430 ",
234,"A,NRGSUP,N900H,KTOE,NO	0.000 	0.000 	0.000 	0.000 	0.000 	0.000 	0.000 	0.000 	0.000 	0.000 	0.000 	0.000 ",
235,"A,NRGSUP,N900H,KTOE,PL	0.000 	0.000 	0.000 	0.000 	0.000 	0.000 	0.000 	0.000 	0.000 	0.000 	0.000 	0.000 ",
236,"A,NRGSUP,N900H,KTOE,PT	0.000 	0.000 	0.000 	0.000 	0.000 	0.000 	0.000 	0.000 	0.000 	0.000 	0.000 	0.000 ",
237,"A,NRGSUP,N900H,KTOE,RO	2922.830 	2978.900 	3008.490 	2922.200 	2941.200 	2940.100 	2810.700 	2907.000 	2877.000 	2846.000 	2887.000 	2866.000 ",
238,"A,NRGSUP,N900H,KTOE,RS	0.000 	0.000 	0.000 	0.000 	0.000 	0.000 	0.000 	0.000 	0.000 	0.000 	0.000 	0.000 ",
239,"A,NRGSUP,N900H,KTOE,SE	14498.000 	15252.000 	15632.000 	15996.000 	16362.000 	15532.000 	15699.000 	16351.000 	16727.000 	16239.000 	12028.000 	12342.000 ",
240,"A,NRGSUP,N900H,KTOE,SI	1335.240 	1470.482 	1308.132 	1250.900 	1499.459 	1332.200 	1348.646 	1488.100 	1364.600 	1375.200 	1496.852 	1352.443 ",
241,"A,NRGSUP,N900H,KTOE,SK	3853.280 	4027.000 	4050.000 	4110.510 	4053.000 	4028.000 	3894.000 	3985.000 	3760.000 	4048.000 	4044.000 	4051.050 ",
242,"A,NRGSUP,N900H,KTOE,TR	0.000 	0.000 	0.000 	0.000 	0.000 	0.000 	0.000 	0.000 	0.000 	0.000 	0.000 	0.000 ",
243,"A,NRGSUP,N900H,KTOE,UA	23456.592 	23738.593 	23738.765 	21954.099 	23270.665 	23050.387 	21335.555 	22528.183 	22234.821 	21843.703 	20072.995 	: ",
244,"A,NRGSUP,N900H,KTOE,UK	13947.000 	15626.000 	15206.000 	15443.000 	13850.000 	15479.333 	15413.827 	15123.808 	14060.727 	13252.500 	: 	: ",
245,"A,NRGSUP,N900H,KTOE,XK	0.000 	0.000 	0.000 	0.000 	0.000 	0.000 	0.000 	0.000 	0.000 	0.000 	0.000 	0.000 ",
246,"A,NRGSUP,O4000XBIO,KTOE,AL	1231.505 	1218.293 	1069.312 	1250.657 	1334.483 	1200.554 	1231.885 	1310.073 	1147.045 	1205.479 	1046.617 	1012.827 ",
247,"A,NRGSUP,O4000XBIO,KTOE,AT	12352.146 	11525.523 	11286.672 	11596.080 	11239.348 	11308.305 	11498.217 	11548.934 	11647.665 	11912.492 	10868.736 	11417.349 ",
248,"A,NRGSUP,O4000XBIO,KTOE,BA	: 	: 	: 	: 	1474.343 	1526.426 	1730.180 	1721.737 	1683.459 	1650.494 	1540.094 	1705.958 ",
249,"A,NRGSUP,O4000XBIO,KTOE,BE	23133.752 	21378.120 	20373.164 	21367.944 	21997.563 	22021.306 	21476.392 	21237.100 	21221.258 	20308.194 	18472.628 	19805.735 ",
250,"A,NRGSUP,O4000XBIO,KTOE,BG	3841.124 	3639.068 	3845.493 	3500.557 	3836.227 	4161.677 	4126.927 	4302.476 	4365.300 	4513.869 	4174.817 	4407.651 ",
251,"A,NRGSUP,O4000XBIO,KTOE,CY	2342.938 	2270.530 	2126.035 	1814.995 	1857.156 	1882.582 	2010.579 	2056.622 	2033.498 	2020.847 	1860.926 	1873.797 ",
252,"A,NRGSUP,O4000XBIO,KTOE,CZ	8982.950 	8743.918 	8623.574 	8282.640 	8811.363 	8610.675 	7991.213 	9317.675 	9405.439 	9449.146 	8496.167 	9346.603 ",
253,"A,NRGSUP,O4000XBIO,KTOE,DE	105241.082 	101756.269 	101387.425 	103757.953 	101723.810 	101851.224 	102155.581 	103645.628 	98638.789 	100230.039 	94906.309 	91741.909 ",
254,"A,NRGSUP,O4000XBIO,KTOE,DK	6975.119 	6516.055 	6226.221 	5994.067 	5767.986 	5806.668 	5875.884 	6031.936 	6020.772 	5885.632 	5519.188 	5606.513 ",
255,"A,NRGSUP,O4000XBIO,KTOE,EE	565.703 	528.917 	508.984 	467.104 	409.594 	282.679 	413.029 	161.425 	69.240 	-17.864 	-42.701 	-133.275 ",
256,"A,NRGSUP,O4000XBIO,KTOE,EL	13853.724 	12434.065 	12131.681 	10318.311 	10760.389 	11225.661 	11396.004 	10935.974 	10357.501 	10669.482 	9211.887 	9491.854 ",
257,"A,NRGSUP,O4000XBIO,KTOE,ES	57800.451 	54408.298 	49789.546 	47174.427 	46210.973 	48519.318 	49983.923 	52719.593 	52739.825 	51271.742 	44113.772 	48423.409 ",
258,"A,NRGSUP,O4000XBIO,KTOE,EU27_2020	506738.304 	490741.799 	468802.479 	456646.402 	452338.884 	456981.897 	460236.938 	470982.756 	462762.060 	460420.405 	419140.974 	438919.824 ",
259,"A,NRGSUP,O4000XBIO,KTOE,FI	9504.456 	9289.644 	8686.067 	7721.821 	8809.252 	7791.345 	8578.033 	8143.989 	8082.192 	7695.386 	7562.135 	7001.476 ",
260,"A,NRGSUP,O4000XBIO,KTOE,FR	77210.600 	79549.350 	77178.870 	75357.661 	74782.638 	75505.483 	72959.487 	73459.289 	70625.411 	71112.089 	62031.798 	66134.601 ",
261,"A,NRGSUP,O4000XBIO,KTOE,GE	: 	: 	: 	983.904 	1045.586 	1196.785 	1432.212 	1294.196 	1270.144 	1381.532 	1314.103 	1376.582 ",
262,"A,NRGSUP,O4000XBIO,KTOE,HR	3629.278 	3545.667 	3160.410 	3039.509 	2997.266 	3132.747 	3129.200 	3328.770 	3166.839 	3074.473 	2731.905 	2853.446 ",
263,"A,NRGSUP,O4000XBIO,KTOE,HU	6568.824 	6244.663 	5910.154 	5701.911 	6410.819 	6856.338 	6783.620 	7327.315 	7787.573 	7899.146 	7356.954 	7971.370 ",
264,"A,NRGSUP,O4000XBIO,KTOE,IE	7043.855 	6243.238 	5904.935 	6092.547 	5862.448 	6159.272 	6518.709 	6096.890 	6305.562 	6324.954 	5826.091 	6297.664 ",
265,"A,NRGSUP,O4000XBIO,KTOE,IS	537.186 	506.649 	494.731 	518.339 	558.735 	563.929 	583.167 	545.004 	573.867 	565.261 	519.509 	561.411 ",
266,"A,NRGSUP,O4000XBIO,KTOE,IT	65244.039 	62703.462 	55546.904 	53335.433 	51576.017 	53556.376 	51534.412 	52000.539 	50913.886 	50060.708 	43416.584 	49499.900 ",
267,"A,NRGSUP,O4000XBIO,KTOE,LT	2503.030 	2408.703 	2462.724 	2425.192 	2440.464 	2518.480 	2737.061 	2792.479 	2959.900 	2887.530 	2829.296 	2845.243 ",
268,"A,NRGSUP,O4000XBIO,KTOE,LU	2441.301 	2530.807 	2458.586 	2410.305 	2278.401 	2178.872 	2125.195 	2182.127 	2302.015 	2348.963 	1847.713 	1950.004 ",
269,"A,NRGSUP,O4000XBIO,KTOE,LV	1403.332 	1282.281 	1263.697 	1284.825 	1323.724 	1378.479 	1365.476 	1421.419 	1437.074 	1387.950 	1367.659 	1416.884 ",
270,"A,NRGSUP,O4000XBIO,KTOE,MD	760.312 	791.673 	743.481 	764.447 	780.400 	804.358 	861.477 	887.068 	950.706 	968.708 	935.167 	1024.829 ",
271,"A,NRGSUP,O4000XBIO,KTOE,ME	309.541 	287.332 	269.077 	260.248 	260.220 	278.889 	309.994 	345.463 	365.874 	384.211 	327.507 	401.189 ",
272,"A,NRGSUP,O4000XBIO,KTOE,MK	937.751 	974.145 	927.332 	902.292 	892.299 	955.821 	1072.032 	1015.968 	972.241 	1056.590 	984.349 	1071.163 ",
273,"A,NRGSUP,O4000XBIO,KTOE,MT	831.614 	823.493 	869.662 	764.259 	761.680 	530.071 	438.473 	330.669 	298.239 	326.599 	290.509 	301.299 ",
274,"A,NRGSUP,O4000XBIO,KTOE,NL	29941.096 	28511.080 	28798.800 	27577.237 	26722.478 	26480.987 	27734.846 	28385.319 	27291.762 	26168.877 	25572.892 	26040.907 ",
275,"A,NRGSUP,O4000XBIO,KTOE,NO	12049.378 	9670.473 	10490.067 	11854.607 	9548.024 	5779.370 	8765.398 	10400.837 	9705.854 	8802.863 	8911.605 	8594.854 ",
276,"A,NRGSUP,O4000XBIO,KTOE,PL	25445.805 	25670.684 	24430.213 	22288.676 	22090.671 	23424.066 	25884.240 	29118.922 	29788.445 	30224.419 	28979.192 	30711.139 ",
277,"A,NRGSUP,O4000XBIO,KTOE,PT	11514.451 	10621.092 	9385.070 	9346.255 	9237.492 	9313.291 	9212.457 	9306.001 	8876.882 	9364.806 	8425.384 	8483.781 ",
278,"A,NRGSUP,O4000XBIO,KTOE,RO	8475.528 	8489.053 	8260.859 	7806.431 	7772.989 	8409.243 	8541.589 	9297.191 	9583.650 	9737.316 	9594.277 	10434.338 ",
279,"A,NRGSUP,O4000XBIO,KTOE,RS	3919.615 	3846.448 	3390.486 	3407.901 	3276.263 	3400.616 	3667.107 	3669.565 	3676.075 	3731.358 	3534.005 	3917.487 ",
280,"A,NRGSUP,O4000XBIO,KTOE,SE	13853.421 	13680.873 	12520.185 	11840.109 	11551.749 	8752.646 	10108.815 	9779.429 	10686.544 	9668.936 	8158.056 	9100.352 ",
281,"A,NRGSUP,O4000XBIO,KTOE,SI	2574.864 	2556.972 	2481.706 	2326.818 	2301.217 	2262.852 	2381.005 	2405.176 	2418.413 	2342.238 	1999.311 	2181.480 ",
282,"A,NRGSUP,O4000XBIO,KTOE,SK	3463.821 	3389.974 	3184.842 	3053.335 	2805.170 	3061.254 	3276.571 	3649.869 	3738.386 	3552.436 	3569.489 	3714.395 ",
283,"A,NRGSUP,O4000XBIO,KTOE,TR	30074.754 	30452.978 	32477.777 	31955.071 	32985.875 	38674.692 	42345.377 	44694.726 	42395.776 	42574.621 	41828.565 	43515.682 ",
284,"A,NRGSUP,O4000XBIO,KTOE,UA	13178.617 	12446.202 	11611.959 	9895.834 	10640.836 	10504.467 	11149.992 	12642.177 	13272.384 	13475.359 	14142.516 	: ",
285,"A,NRGSUP,O4000XBIO,KTOE,UK	63366.063 	60078.878 	59285.023 	56804.113 	58101.002 	59962.390 	61008.916 	61477.238 	60521.778 	59248.469 	: 	: ",
286,"A,NRGSUP,O4000XBIO,KTOE,XK	539.263 	618.105 	567.700 	509.381 	553.094 	675.598 	667.846 	726.583 	731.091 	757.402 	743.199 	850.930 ",
287,"A,NRGSUP,P1000,KTOE,AL	0.000 	0.000 	0.000 	0.000 	0.000 	0.000 	0.000 	0.000 	0.000 	0.000 	0.000 	0.000 ",
288,"A,NRGSUP,P1000,KTOE,AT	0.210 	0.210 	0.210 	0.210 	0.210 	0.210 	0.000 	0.000 	0.000 	0.000 	0.000 	0.000 ",
289,"A,NRGSUP,P1000,KTOE,BA	: 	: 	: 	: 	0.000 	0.000 	0.000 	0.000 	0.000 	0.000 	0.000 	0.000 ",
290,"A,NRGSUP,P1000,KTOE,BE	0.000 	0.000 	0.000 	0.000 	0.000 	0.000 	0.000 	0.000 	0.000 	0.000 	0.000 	0.000 ",
291,"A,NRGSUP,P1000,KTOE,BG	0.000 	0.000 	0.000 	0.000 	0.000 	0.000 	0.000 	0.000 	0.000 	0.000 	0.000 	0.000 ",
292,"A,NRGSUP,P1000,KTOE,CY	0.000 	0.000 	0.000 	0.000 	0.000 	0.000 	0.000 	0.000 	0.000 	0.000 	0.000 	0.000 ",
293,"A,NRGSUP,P1000,KTOE,CZ	0.000 	0.000 	0.000 	0.000 	0.000 	0.000 	0.000 	0.000 	0.000 	0.000 	0.000 	0.000 ",
294,"A,NRGSUP,P1000,KTOE,DE	0.000 	0.000 	0.000 	0.000 	0.000 	0.000 	0.000 	0.000 	0.000 	0.000 	0.000 	0.000 ",
295,"A,NRGSUP,P1000,KTOE,DK	0.000 	0.000 	0.000 	0.000 	0.000 	0.000 	0.000 	0.000 	0.000 	0.000 	0.000 	0.000 ",
296,"A,NRGSUP,P1000,KTOE,EE	54.170 	51.005 	47.225 	44.082 	38.572 	31.976 	34.388 	39.195 	33.923 	23.059 	15.317 	4.755 ",
297,"A,NRGSUP,P1000,KTOE,EL	0.000 	0.000 	0.000 	0.000 	0.000 	0.000 	0.000 	0.000 	0.000 	0.000 	0.000 	0.000 ",
298,"A,NRGSUP,P1000,KTOE,ES	0.000 	0.000 	0.000 	0.000 	0.000 	0.000 	0.000 	0.000 	0.000 	0.000 	0.000 	0.000 ",
299,"A,NRGSUP,P1000,KTOE,EU27_2020	3346.877 	3154.950 	3008.270 	2061.959 	2344.610 	2343.384 	2332.855 	2177.428 	2363.590 	2304.145 	1742.086 	1369.869 ",
300,"A,NRGSUP,P1000,KTOE,FI	2290.847 	2030.255 	1557.753 	1350.351 	1426.776 	1385.064 	1345.987 	1283.407 	1477.842 	1353.155 	1030.420 	912.889 ",
301,"A,NRGSUP,P1000,KTOE,FR	0.000 	0.000 	0.000 	0.000 	0.000 	0.000 	0.000 	0.000 	0.000 	0.000 	0.000 	0.000 ",
302,"A,NRGSUP,P1000,KTOE,GE	: 	: 	: 	0.000 	0.000 	0.000 	0.000 	0.000 	0.000 	0.000 	0.000 	0.000 ",
303,"A,NRGSUP,P1000,KTOE,HR	0.000 	0.000 	0.000 	0.000 	0.000 	0.000 	0.000 	0.000 	0.000 	0.000 	0.000 	0.000 ",
304,"A,NRGSUP,P1000,KTOE,HU	0.000 	0.000 	0.000 	0.000 	0.000 	0.000 	0.000 	0.000 	0.000 	0.000 	0.000 	0.000 ",
305,"A,NRGSUP,P1000,KTOE,IE	616.129 	704.419 	1115.474 	385.659 	672.277 	761.779 	773.154 	673.294 	607.421 	758.494 	599.368 	348.826 ",
306,"A,NRGSUP,P1000,KTOE,IS	0.000 	0.000 	0.000 	0.000 	0.000 	0.000 	0.000 	0.000 	0.000 	0.000 	0.000 	0.000 ",
307,"A,NRGSUP,P1000,KTOE,IT	0.000 	0.000 	0.000 	0.000 	0.000 	0.000 	0.000 	0.000 	0.000 	0.000 	0.000 	0.000 ",
308,"A,NRGSUP,P1000,KTOE,LT	23.963 	28.911 	33.358 	40.954 	30.779 	20.416 	24.954 	33.584 	37.038 	27.138 	18.174 	21.897 ",
309,"A,NRGSUP,P1000,KTOE,LU	0.000 	0.000 	0.000 	0.000 	0.000 	0.000 	0.000 	0.000 	0.000 	0.000 	0.000 	0.000 ",
310,"A,NRGSUP,P1000,KTOE,LV	2.400 	0.960 	0.720 	1.920 	0.720 	0.240 	0.720 	0.659 	2.804 	1.009 	0.567 	0.976 ",
311,"A,NRGSUP,P1000,KTOE,MD	0.000 	0.000 	0.000 	0.000 	0.000 	0.284 	0.000 	0.000 	0.000 	0.000 	0.000 	0.000 ",
312,"A,NRGSUP,P1000,KTOE,ME	0.000 	0.000 	0.000 	0.000 	0.000 	0.000 	0.000 	0.000 	0.000 	0.000 	0.000 	0.000 ",
313,"A,NRGSUP,P1000,KTOE,MK	0.000 	0.000 	0.000 	0.000 	0.000 	0.000 	0.000 	0.000 	0.000 	0.000 	0.000 	0.000 ",
314,"A,NRGSUP,P1000,KTOE,MT	0.000 	0.000 	0.000 	0.000 	0.000 	0.000 	0.000 	0.000 	0.000 	0.000 	0.000 	0.000 ",
315,"A,NRGSUP,P1000,KTOE,NL	0.000 	0.000 	0.000 	0.000 	0.000 	0.000 	0.000 	0.000 	0.000 	0.000 	0.000 	0.000 ",
316,"A,NRGSUP,P1000,KTOE,NO	0.000 	0.000 	0.000 	0.000 	0.000 	0.000 	0.000 	0.000 	0.000 	0.000 	0.000 	0.000 ",
317,"A,NRGSUP,P1000,KTOE,PL	0.000 	0.000 	0.000 	0.000 	0.000 	0.000 	0.000 	0.000 	0.000 	0.000 	0.000 	0.000 ",
318,"A,NRGSUP,P1000,KTOE,PT	0.000 	0.000 	0.000 	0.000 	0.000 	0.000 	0.000 	0.000 	0.000 	0.000 	0.000 	0.000 ",
319,"A,NRGSUP,P1000,KTOE,RO	8.398 	8.188 	0.420 	7.978 	6.928 	8.188 	9.447 	11.862 	14.854 	14.668 	16.334 	17.755 ",
320,"A,NRGSUP,P1000,KTOE,RS	0.000 	0.000 	0.000 	0.000 	0.000 	0.000 	0.000 	0.000 	0.000 	0.000 	0.000 	0.000 ",
321,"A,NRGSUP,P1000,KTOE,SE	350.760 	331.002 	253.110 	230.805 	168.348 	135.511 	144.205 	135.427 	189.708 	126.622 	61.906 	62.771 ",
322,"A,NRGSUP,P1000,KTOE,SI	0.000 	0.000 	0.000 	0.000 	0.000 	0.000 	0.000 	0.000 	0.000 	0.000 	0.000 	0.000 ",
323,"A,NRGSUP,P1000,KTOE,SK	0.000 	0.000 	0.000 	0.000 	0.000 	0.000 	0.000 	0.000 	0.000 	0.000 	0.000 	0.000 ",
324,"A,NRGSUP,P1000,KTOE,TR	0.000 	0.000 	0.000 	0.000 	0.000 	0.000 	0.000 	0.000 	0.000 	0.000 	0.000 	0.000 ",
325,"A,NRGSUP,P1000,KTOE,UA	119.092 	103.659 	95.968 	115.227 	67.985 	117.148 	120.970 	125.066 	97.515 	89.731 	66.520 	: ",
326,"A,NRGSUP,P1000,KTOE,UK	0.000 	0.000 	0.000 	0.000 	0.000 	0.000 	0.000 	0.000 	0.000 	0.000 	: 	: ",
327,"A,NRGSUP,P1000,KTOE,XK	0.000 	0.000 	0.000 	0.000 	0.000 	0.000 	0.000 	0.000 	0.000 	0.000 	0.000 	0.000 ",
328,"A,NRGSUP,RA000,KTOE,AL	862.358 	575.002 	624.582 	811.751 	637.643 	753.850 	951.509 	646.725 	1019.617 	739.722 	732.690 	1044.157 ",
329,"A,NRGSUP,RA000,KTOE,AT	9478.543 	9057.289 	10282.138 	10232.191 	10067.397 	10044.649 	10339.992 	10384.339 	10010.942 	10427.475 	10497.608 	10700.588 ",
330,"A,NRGSUP,RA000,KTOE,BA	: 	: 	: 	: 	958.190 	1041.072 	1052.991 	792.069 	1754.024 	1795.846 	1731.460 	1883.841 ",
331,"A,NRGSUP,RA000,KTOE,BE	2976.170 	2993.455 	3395.984 	3621.002 	3464.257 	3740.316 	3976.178 	4138.967 	4248.115 	4386.661 	4930.860 	5123.182 ",
332,"A,NRGSUP,RA000,KTOE,BG	1485.571 	1394.668 	1650.951 	1881.268 	1860.125 	2076.229 	2022.557 	1952.201 	2541.462 	2469.420 	2548.995 	2915.066 ",
333,"A,NRGSUP,RA000,KTOE,CY	109.445 	125.783 	135.707 	139.768 	136.421 	155.958 	162.155 	178.690 	238.322 	246.298 	278.052 	297.440 ",
334,"A,NRGSUP,RA000,KTOE,CZ	3177.609 	3498.223 	3757.160 	4130.887 	4268.734 	4384.856 	4433.736 	4540.336 	4567.498 	4915.246 	5127.698 	5502.962 ",
335,"A,NRGSUP,RA000,KTOE,DE	31267.615 	32438.432 	36452.880 	37632.136 	37454.527 	39929.125 	39834.021 	42513.944 	43509.159 	45314.506 	47025.919 	46425.523 ",
336,"A,NRGSUP,RA000,KTOE,DK	3999.089 	4125.466 	4292.660 	4455.349 	4669.423 	4964.439 	5173.038 	5741.659 	5704.710 	5992.257 	6212.477 	7064.428 ",
337,"A,NRGSUP,RA000,KTOE,EE	854.231 	836.165 	861.442 	851.138 	858.244 	933.791 	1001.066 	1075.679 	1156.089 	1179.115 	1320.782 	1319.855 ",
338,"A,NRGSUP,RA000,KTOE,EL	2190.639 	2198.665 	2506.890 	2676.084 	2505.950 	2840.412 	2704.103 	2915.410 	3141.040 	3171.695 	3349.971 	3838.016 ",
339,"A,NRGSUP,RA000,KTOE,ES	15044.345 	14814.235 	16123.296 	17716.015 	18064.318 	17007.858 	17484.887 	16590.507 	18163.223 	18365.551 	19089.534 	20509.385 ",
340,"A,NRGSUP,RA000,KTOE,EU27_2020	173285.722 	170521.573 	188517.021 	197961.324 	198234.310 	203974.484 	207258.676 	215103.341 	224765.635 	232009.650 	239204.412 	251466.671 ",
341,"A,NRGSUP,RA000,KTOE,FI	9293.334 	9097.378 	9954.220 	9861.519 	10276.225 	10489.011 	10635.281 	11784.295 	12057.207 	12212.923 	12015.425 	13712.658 ",
342,"A,NRGSUP,RA000,KTOE,FR	22187.381 	19172.015 	22604.047 	25268.494 	23428.628 	24279.906 	26243.112 	25876.625 	27888.113 	28442.410 	28573.907 	30791.365 ",
343,"A,NRGSUP,RA000,KTOE,GE	: 	: 	: 	1207.756 	1198.558 	1143.583 	1209.723 	1183.551 	1154.395 	1042.033 	963.431 	1137.778 ",
344,"A,NRGSUP,RA000,KTOE,HR	2079.366 	1718.416 	1762.451 	2097.312 	2017.032 	1974.837 	2017.989 	1910.209 	2183.473 	2136.334 	2192.633 	2512.335 ",
345,"A,NRGSUP,RA000,KTOE,HU	2777.522 	2886.419 	2952.757 	3111.544 	2860.074 	3019.564 	3005.126 	2973.543 	2799.520 	2830.236 	2965.666 	3243.835 ",
346,"A,NRGSUP,RA000,KTOE,IE	678.381 	816.116 	821.436 	887.896 	1007.955 	1132.360 	1137.895 	1343.768 	1478.231 	1645.026 	1795.387 	1641.007 ",
347,"A,NRGSUP,RA000,KTOE,IS	4790.472 	5199.093 	5070.663 	5284.194 	5234.643 	4941.554 	4621.030 	4938.564 	5450.685 	5346.395 	5284.253 	5222.023 ",
348,"A,NRGSUP,RA000,KTOE,IT	21864.302 	21025.853 	23884.740 	26370.626 	26512.291 	26268.705 	26017.921 	28821.095 	29281.720 	29512.128 	29344.686 	29881.715 ",
349,"A,NRGSUP,RA000,KTOE,LT	1064.947 	1056.602 	1161.340 	1212.272 	1277.028 	1418.936 	1464.350 	1573.395 	1588.403 	1589.122 	1655.641 	1874.346 ",
350,"A,NRGSUP,RA000,KTOE,LU	129.296 	126.777 	138.387 	154.861 	188.920 	208.226 	222.012 	265.646 	295.734 	322.799 	399.930 	407.363 ",
351,"A,NRGSUP,RA000,KTOE,LV	1434.397 	1417.638 	1651.431 	1611.375 	1613.366 	1537.122 	1623.757 	1935.159 	1862.443 	1820.455 	1809.280 	1903.329 ",
352,"A,NRGSUP,RA000,KTOE,MD	518.568 	546.565 	578.700 	588.411 	636.198 	655.776 	701.506 	766.772 	774.035 	657.753 	616.951 	654.959 ",
353,"A,NRGSUP,RA000,KTOE,ME	397.463 	277.268 	302.984 	382.937 	314.817 	297.755 	325.315 	260.247 	344.936 	312.698 	300.238 	357.789 ",
354,"A,NRGSUP,RA000,KTOE,MK	413.889 	343.903 	327.182 	368.578 	353.278 	414.424 	386.843 	357.180 	382.125 	337.544 	357.211 	370.638 ",
355,"A,NRGSUP,RA000,KTOE,MT	5.058 	8.261 	11.816 	12.715 	18.570 	21.111 	24.589 	39.054 	45.309 	48.941 	57.413 	57.384 ",
356,"A,NRGSUP,RA000,KTOE,NL	3314.653 	3514.892 	3620.650 	3517.454 	3520.232 	3735.389 	3843.994 	4207.418 	4628.200 	5437.907 	6767.153 	7957.433 ",
357,"A,NRGSUP,RA000,KTOE,NO	12134.248 	12550.046 	14408.616 	13178.833 	13627.021 	13956.539 	14568.659 	14879.726 	14663.941 	13871.466 	15598.083 	16177.712 ",
358,"A,NRGSUP,RA000,KTOE,PL	7314.159 	7992.560 	8677.736 	8655.089 	8717.706 	9103.113 	8909.692 	9047.198 	12285.053 	12701.968 	12950.824 	13081.850 ",
359,"A,NRGSUP,RA000,KTOE,PT	5459.156 	5137.875 	4354.502 	5300.914 	6107.682 	5566.490 	6229.765 	5456.289 	6109.030 	6060.098 	6369.492 	6636.851 ",
360,"A,NRGSUP,RA000,KTOE,RO	5860.590 	5067.402 	5195.078 	5550.959 	6123.642 	5973.120 	6192.829 	6041.933 	6037.599 	6012.639 	5989.202 	6396.255 ",
361,"A,NRGSUP,RA000,KTOE,RS	2054.829 	1785.664 	1843.403 	1929.281 	2005.861 	1931.442 	2001.067 	1884.235 	2019.856 	2038.919 	2501.403 	2769.708 ",
362,"A,NRGSUP,RA000,KTOE,SE	16751.977 	17625.451 	19794.255 	18382.496 	18539.719 	20480.391 	19814.263 	21104.356 	20212.275 	21422.142 	22595.182 	24089.067 ",
363,"A,NRGSUP,RA000,KTOE,SI	1163.245 	1083.250 	1114.390 	1220.693 	1255.884 	1112.784 	1167.546 	1099.746 	1151.470 	1142.815 	1193.662 	1258.383 ",
364,"A,NRGSUP,RA000,KTOE,SK	1324.701 	1292.287 	1358.677 	1409.267 	1419.960 	1575.786 	1576.822 	1591.880 	1581.295 	2203.483 	2147.033 	2325.050 ",
365,"A,NRGSUP,RA000,KTOE,TR	11626.509 	11222.918 	12151.463 	13064.223 	12055.826 	15657.665 	17135.935 	17738.858 	19114.538 	23339.118 	24076.253 	24131.148 ",
366,"A,NRGSUP,RA000,KTOE,UA	2734.745 	2636.245 	2652.461 	3173.289 	2801.027 	2705.213 	3621.037 	3920.057 	4317.454 	4348.622 	4878.238 	: ",
367,"A,NRGSUP,RA000,KTOE,UK	7378.170 	8175.451 	8870.282 	10813.339 	12533.441 	15843.812 	16516.782 	18103.939 	20236.095 	21981.366 	: 	: ",
368,"A,NRGSUP,RA000,KTOE,XK	250.100 	251.186 	255.973 	260.268 	264.616 	275.796 	387.332 	386.910 	403.850 	402.360 	403.419 	408.508 ",
369,"A,NRGSUP,S2000,KTOE,AL	0.000 	0.000 	0.000 	0.000 	0.000 	0.000 	0.000 	0.000 	0.000 	0.000 	0.000 	0.000 ",
370,"A,NRGSUP,S2000,KTOE,AT	0.000 	0.000 	0.000 	0.000 	0.000 	0.000 	0.000 	0.000 	0.000 	0.000 	0.000 	0.000 ",
371,"A,NRGSUP,S2000,KTOE,BA	: 	: 	: 	: 	0.000 	0.000 	0.000 	0.000 	0.000 	0.000 	0.000 	0.000 ",
372,"A,NRGSUP,S2000,KTOE,BE	0.000 	0.000 	0.000 	0.000 	0.000 	0.000 	0.000 	0.000 	0.000 	0.000 	0.000 	0.000 ",
373,"A,NRGSUP,S2000,KTOE,BG	0.000 	0.000 	0.000 	0.000 	0.000 	0.000 	0.000 	0.000 	0.000 	5.210 	5.127 	0.000 ",
374,"A,NRGSUP,S2000,KTOE,CY	0.000 	0.000 	0.000 	0.000 	0.000 	0.000 	0.000 	0.000 	0.000 	0.000 	0.000 	0.000 ",
375,"A,NRGSUP,S2000,KTOE,CZ	0.000 	0.000 	0.000 	0.000 	0.000 	0.000 	0.000 	0.000 	0.000 	0.000 	0.000 	0.000 ",
376,"A,NRGSUP,S2000,KTOE,DE	0.000 	0.000 	0.000 	0.000 	0.000 	0.000 	0.000 	0.000 	0.000 	0.000 	0.000 	0.000 ",
377,"A,NRGSUP,S2000,KTOE,DK	0.000 	0.000 	0.000 	0.000 	0.000 	0.000 	0.000 	0.000 	0.000 	0.000 	0.000 	0.000 ",
378,"A,NRGSUP,S2000,KTOE,EE	4109.792 	4082.788 	3433.962 	4098.315 	3932.118 	3181.257 	4221.794 	4348.723 	4174.307 	3041.513 	2487.566 	2725.948 ",
379,"A,NRGSUP,S2000,KTOE,EL	0.000 	0.000 	0.000 	0.000 	0.000 	0.000 	0.000 	0.000 	0.000 	0.000 	0.000 	0.000 ",
380,"A,NRGSUP,S2000,KTOE,ES	0.000 	0.000 	0.000 	0.000 	0.000 	0.000 	0.000 	0.000 	0.000 	0.000 	0.000 	0.000 ",
381,"A,NRGSUP,S2000,KTOE,EU27_2020	4109.792 	4082.788 	3433.962 	4098.315 	3932.118 	3181.257 	4221.794 	4348.723 	4174.307 	3046.723 	2492.693 	2725.948 ",
382,"A,NRGSUP,S2000,KTOE,FI	0.000 	0.000 	0.000 	0.000 	0.000 	0.000 	0.000 	0.000 	0.000 	0.000 	0.000 	0.000 ",
383,"A,NRGSUP,S2000,KTOE,FR	0.000 	0.000 	0.000 	0.000 	0.000 	0.000 	0.000 	0.000 	0.000 	0.000 	0.000 	0.000 ",
384,"A,NRGSUP,S2000,KTOE,GE	: 	: 	: 	0.000 	0.000 	0.000 	0.000 	0.000 	0.000 	0.000 	0.000 	0.000 ",
385,"A,NRGSUP,S2000,KTOE,HR	0.000 	0.000 	0.000 	0.000 	0.000 	0.000 	0.000 	0.000 	0.000 	0.000 	0.000 	0.000 ",
386,"A,NRGSUP,S2000,KTOE,HU	0.000 	0.000 	0.000 	0.000 	0.000 	0.000 	0.000 	0.000 	0.000 	0.000 	0.000 	0.000 ",
387,"A,NRGSUP,S2000,KTOE,IE	0.000 	0.000 	0.000 	0.000 	0.000 	0.000 	0.000 	0.000 	0.000 	0.000 	0.000 	0.000 ",
388,"A,NRGSUP,S2000,KTOE,IS	0.000 	0.000 	0.000 	0.000 	0.000 	0.000 	0.000 	0.000 	0.000 	0.000 	0.000 	0.000 ",
389,"A,NRGSUP,S2000,KTOE,IT	0.000 	0.000 	0.000 	0.000 	0.000 	0.000 	0.000 	0.000 	0.000 	0.000 	0.000 	0.000 ",
390,"A,NRGSUP,S2000,KTOE,LT	0.000 	0.000 	0.000 	0.000 	0.000 	0.000 	0.000 	0.000 	0.000 	0.000 	0.000 	0.000 ",
391,"A,NRGSUP,S2000,KTOE,LU	0.000 	0.000 	0.000 	0.000 	0.000 	0.000 	0.000 	0.000 	0.000 	0.000 	0.000 	0.000 ",
392,"A,NRGSUP,S2000,KTOE,LV	0.000 	0.000 	0.000 	0.000 	0.000 	0.000 	0.000 	0.000 	0.000 	0.000 	0.000 	0.000 ",
393,"A,NRGSUP,S2000,KTOE,MD	0.000 	0.000 	0.000 	0.000 	0.000 	0.000 	0.000 	0.000 	0.000 	0.000 	0.000 	0.000 ",
394,"A,NRGSUP,S2000,KTOE,ME	0.000 	0.000 	0.000 	0.000 	0.000 	0.000 	0.000 	0.000 	0.000 	0.000 	0.000 	0.000 ",
395,"A,NRGSUP,S2000,KTOE,MK	0.000 	0.000 	0.000 	0.000 	0.000 	0.000 	0.000 	0.000 	0.000 	0.000 	0.000 	0.000 ",
396,"A,NRGSUP,S2000,KTOE,MT	0.000 	0.000 	0.000 	0.000 	0.000 	0.000 	0.000 	0.000 	0.000 	0.000 	0.000 	0.000 ",
397,"A,NRGSUP,S2000,KTOE,NL	0.000 	0.000 	0.000 	0.000 	0.000 	0.000 	0.000 	0.000 	0.000 	0.000 	0.000 	0.000 ",
398,"A,NRGSUP,S2000,KTOE,NO	0.000 	0.000 	0.000 	0.000 	0.000 	0.000 	0.000 	0.000 	0.000 	0.000 	0.000 	0.000 ",
399,"A,NRGSUP,S2000,KTOE,PL	0.000 	0.000 	0.000 	0.000 	0.000 	0.000 	0.000 	0.000 	0.000 	0.000 	0.000 	0.000 ",
400,"A,NRGSUP,S2000,KTOE,PT	0.000 	0.000 	0.000 	0.000 	0.000 	0.000 	0.000 	0.000 	0.000 	0.000 	0.000 	0.000 ",
401,"A,NRGSUP,S2000,KTOE,RO	0.000 	0.000 	0.000 	0.000 	0.000 	0.000 	0.000 	0.000 	0.000 	0.000 	0.000 	0.000 ",
402,"A,NRGSUP,S2000,KTOE,RS	0.000 	0.000 	0.000 	0.000 	0.000 	0.000 	0.000 	0.000 	0.000 	0.000 	0.000 	0.000 ",
403,"A,NRGSUP,S2000,KTOE,SE	0.000 	0.000 	0.000 	0.000 	0.000 	0.000 	0.000 	0.000 	0.000 	0.000 	0.000 	0.000 ",
404,"A,NRGSUP,S2000,KTOE,SI	0.000 	0.000 	0.000 	0.000 	0.000 	0.000 	0.000 	0.000 	0.000 	0.000 	0.000 	0.000 ",
405,"A,NRGSUP,S2000,KTOE,SK	0.000 	0.000 	0.000 	0.000 	0.000 	0.000 	0.000 	0.000 	0.000 	0.000 	0.000 	0.000 ",
406,"A,NRGSUP,S2000,KTOE,TR	0.000 	0.000 	0.000 	0.000 	0.000 	0.000 	0.000 	0.000 	0.000 	0.000 	0.000 	0.000 ",
407,"A,NRGSUP,S2000,KTOE,UA	0.000 	0.000 	0.000 	0.000 	0.000 	0.000 	0.000 	0.000 	0.000 	0.000 	0.000 	: ",
408,"A,NRGSUP,S2000,KTOE,UK	0.000 	0.000 	0.000 	0.000 	0.000 	0.000 	0.000 	0.000 	0.000 	0.000 	: 	: ",
409,"A,NRGSUP,S2000,KTOE,XK	0.000 	0.000 	0.000 	0.000 	0.000 	0.000 	0.000 	0.000 	0.000 	0.000 	0.000 	0.000 ",
410,"A,NRGSUP,TOTAL,KTOE,AL	2134.728 	2224.767 	2002.568 	2343.730 	2347.117 	2196.150 	2264.689 	2367.990 	2359.535 	2333.185 	2166.847 	2281.204 ",
411,"A,NRGSUP,TOTAL,KTOE,AT	34166.280 	33119.592 	33039.055 	33469.027 	32267.112 	33023.282 	33427.788 	34068.816 	33182.775 	33804.875 	32017.288 	33718.117 ",
412,"A,NRGSUP,TOTAL,KTOE,BA	: 	: 	: 	: 	5998.422 	6176.764 	6756.626 	6743.965 	7470.571 	7220.822 	7104.379 	7359.713 ",
413,"A,NRGSUP,TOTAL,KTOE,BE	59313.184 	55189.932 	53010.651 	55212.594 	52290.931 	52234.335 	55042.460 	54846.928 	53023.438 	54382.000 	50242.925 	55282.206 ",
414,"A,NRGSUP,TOTAL,KTOE,BG	17748.485 	19030.567 	18231.765 	16926.060 	17704.737 	18504.383 	18081.015 	18697.785 	18746.908 	18606.103 	17698.822 	19131.578 ",
415,"A,NRGSUP,TOTAL,KTOE,CY	2476.303 	2403.869 	2262.439 	1955.962 	2003.342 	2054.544 	2188.570 	2259.845 	2308.403 	2315.130 	2187.784 	2251.763 ",
416,"A,NRGSUP,TOTAL,KTOE,CZ	45152.993 	43307.467 	42948.595 	43162.612 	41719.903 	41757.305 	41343.138 	43108.154 	43229.511 	42517.527 	40210.976 	42643.755 ",
417,"A,NRGSUP,TOTAL,KTOE,DE	330303.551 	313107.906 	315440.699 	322440.619 	308553.144 	310082.463 	311411.038 	312465.059 	305036.832 	298401.223 	280330.894 	289865.801 ",
418,"A,NRGSUP,TOTAL,KTOE,DK	19521.311 	18114.686 	17324.625 	17438.248 	16440.160 	16383.737 	16800.120 	16892.917 	16879.600 	16324.576 	15705.157 	16582.045 ",
419,"A,NRGSUP,TOTAL,KTOE,EE	5890.553 	5724.965 	5228.871 	5839.349 	5539.125 	4801.323 	5978.412 	5853.284 	5750.586 	4847.810 	4473.791 	4564.505 ",
420,"A,NRGSUP,TOTAL,KTOE,EL	27664.517 	26797.816 	26603.895 	23395.055 	23216.752 	23264.675 	22775.802 	23407.972 	22748.616 	22423.526 	20093.116 	20814.067 ",
421,"A,NRGSUP,TOTAL,KTOE,ES	126995.926 	125769.692 	125379.024 	117058.321 	114522.755 	118954.381 	119715.840 	125876.951 	125486.607 	121939.720 	110214.255 	116762.031 ",
422,"A,NRGSUP,TOTAL,KTOE,EU27_2020	1526845.508 	1480027.449 	1461129.751 	1446198.668 	1395043.428 	1413601.754 	1423942.126 	1451851.355 	1440316.059 	1416505.525 	1322054.078 	1400169.997 ",
423,"A,NRGSUP,TOTAL,KTOE,FI	36250.333 	34795.937 	33555.392 	32985.287 	33720.799 	32022.519 	33221.313 	33574.369 	34131.262 	33369.707 	31840.907 	33438.361 ",
424,"A,NRGSUP,TOTAL,KTOE,FR	264200.164 	258908.863 	259170.575 	260588.510 	250321.338 	254321.801 	249864.859 	249861.073 	248404.614 	245199.194 	220776.025 	239135.783 ",
425,"A,NRGSUP,TOTAL,KTOE,GE	: 	: 	: 	4159.633 	4440.201 	4690.718 	4847.596 	4894.047 	4851.522 	5101.024 	4941.465 	5288.346 ",
426,"A,NRGSUP,TOTAL,KTOE,HR	9372.252 	9156.651 	8614.754 	8434.858 	8030.511 	8387.910 	8454.603 	8734.018 	8491.654 	8589.513 	8248.778 	8596.096 ",
427,"A,NRGSUP,TOTAL,KTOE,HU	26362.697 	25829.901 	24604.502 	23757.412 	23652.512 	25028.528 	25327.380 	26432.948 	26428.293 	26426.110 	26038.115 	27257.983 ",
428,"A,NRGSUP,TOTAL,KTOE,IE	14322.257 	13180.657 	13439.467 	12779.630 	12774.648 	13404.742 	14131.484 	13627.821 	13809.914 	13876.898 	13356.923 	13859.120 ",
429,"A,NRGSUP,TOTAL,KTOE,IS	5418.214 	5796.473 	5658.035 	5900.127 	5880.121 	5598.487 	5301.070 	5580.871 	6137.121 	6017.862 	5896.639 	5911.930 ",
430,"A,NRGSUP,TOTAL,KTOE,IT	173677.121 	167942.217 	161340.359 	155390.152 	146769.878 	152563.263 	150981.786 	156093.486 	153154.765 	151464.153 	140100.485 	152170.863 ",
431,"A,NRGSUP,TOTAL,KTOE,LT	7033.141 	7290.526 	7355.708 	6946.511 	6982.737 	7102.764 	7260.136 	7587.930 	7707.013 	7678.847 	7578.481 	7886.226 ",
432,"A,NRGSUP,TOTAL,KTOE,LU	4212.940 	4166.321 	4088.563 	3966.254 	3816.042 	3720.585 	3682.673 	3756.180 	3890.878 	3945.155 	3421.989 	3602.750 ",
433,"A,NRGSUP,TOTAL,KTOE,LV	4511.793 	4259.457 	4419.055 	4343.138 	4342.844 	4272.070 	4269.072 	4411.164 	4639.996 	4490.786 	4303.131 	4502.201 ",
434,"A,NRGSUP,TOTAL,KTOE,MD	2519.738 	2565.780 	2510.028 	2538.526 	2562.194 	2577.636 	2675.233 	2802.061 	2928.689 	2787.043 	2695.927 	2964.279 ",
435,"A,NRGSUP,TOTAL,KTOE,ME	1126.893 	1123.244 	1057.274 	981.322 	956.041 	999.975 	969.744 	1016.123 	1050.357 	1087.037 	1017.484 	1080.295 ",
436,"A,NRGSUP,TOTAL,KTOE,MK	2874.137 	3118.220 	2996.132 	2772.277 	2694.823 	2646.571 	2689.800 	2742.380 	2568.515 	2833.996 	2580.329 	2661.721 ",
437,"A,NRGSUP,TOTAL,KTOE,MT	836.672 	831.754 	881.478 	776.974 	780.250 	641.810 	594.334 	685.508 	689.847 	736.457 	701.898 	721.769 ",
438,"A,NRGSUP,TOTAL,KTOE,NL	82743.780 	77009.541 	77195.002 	75618.986 	71379.094 	72700.448 	74362.779 	75197.940 	73556.783 	72167.839 	69776.468 	71913.996 ",
439,"A,NRGSUP,TOTAL,KTOE,NO	32196.998 	28074.456 	29896.937 	31350.142 	28797.905 	25900.340 	28640.085 	30199.931 	30247.893 	28868.536 	28506.147 	29546.747 ",
440,"A,NRGSUP,TOTAL,KTOE,PL	101095.304 	101166.917 	97254.171 	97971.410 	94238.384 	95219.324 	99899.211 	104374.815 	108970.234 	104995.829 	102521.535 	109031.343 ",
441,"A,NRGSUP,TOTAL,KTOE,PT	23505.307 	22854.705 	21439.290 	21463.211 	21749.038 	22542.371 	22371.881 	23362.560 	22670.814 	22447.447 	20877.003 	20884.323 ",
442,"A,NRGSUP,TOTAL,KTOE,RO	34839.395 	35606.084 	34851.422 	31702.468 	31378.656 	31633.671 	31504.390 	33198.650 	33454.778 	33052.581 	32174.534 	34214.870 ",
443,"A,NRGSUP,TOTAL,KTOE,RS	15564.119 	16276.137 	14566.606 	14895.691 	13287.293 	14744.285 	15313.003 	15615.634 	15387.931 	15274.915 	15876.625 	16125.467 ",
444,"A,NRGSUP,TOTAL,KTOE,SE	49753.189 	50090.559 	49995.259 	49103.980 	48597.953 	46284.600 	48267.421 	49391.858 	50118.885 	48827.359 	44414.609 	47034.119 ",
445,"A,NRGSUP,TOTAL,KTOE,SI	7225.880 	7218.942 	6941.239 	6756.874 	6528.245 	6473.506 	6688.921 	6875.846 	6805.031 	6696.731 	6330.518 	6534.225 ",
446,"A,NRGSUP,TOTAL,KTOE,SK	17670.180 	17151.925 	16513.896 	16715.166 	15722.538 	16221.414 	16295.700 	17207.478 	16998.022 	16978.429 	16417.671 	17770.101 ",
447,"A,NRGSUP,TOTAL,KTOE,TR	104128.211 	111648.825 	116811.332 	112932.727 	119585.829 	128684.894 	136082.687 	146765.868 	144184.845 	145605.646 	146134.490 	159031.129 ",
448,"A,NRGSUP,TOTAL,KTOE,UA	132521.249 	126619.980 	122596.581 	116258.347 	105759.796 	92990.131 	91706.406 	89516.625 	93550.622 	89520.123 	86551.030 	: ",
449,"A,NRGSUP,TOTAL,KTOE,UK	202071.955 	186386.165 	190890.429 	187638.193 	176632.008 	180003.492 	177369.306 	174572.870 	174024.392 	170540.288 	: 	: ",
450,"A,NRGSUP,TOTAL,KTOE,XK	2504.075 	2528.132 	2369.037 	2295.802 	2215.126 	2520.271 	2699.478 	2562.653 	2581.860 	2666.421 	2662.957 	2885.557 ",
451,"A,NRGSUP,W6100_6220,KTOE,AL	0.000 	0.000 	0.000 	0.000 	0.000 	0.000 	0.000 	0.000 	0.000 	0.000 	0.000 	0.000 ",
452,"A,NRGSUP,W6100_6220,KTOE,AT	612.610 	678.203 	653.018 	633.266 	641.143 	666.351 	712.306 	683.213 	648.265 	629.875 	668.304 	679.693 ",
453,"A,NRGSUP,W6100_6220,KTOE,BA	: 	: 	: 	: 	0.000 	0.000 	0.000 	0.000 	0.000 	0.000 	0.000 	0.000 ",
454,"A,NRGSUP,W6100_6220,KTOE,BE	702.553 	726.992 	697.872 	656.965 	672.368 	669.304 	670.366 	633.042 	638.650 	647.182 	636.620 	661.197 ",
455,"A,NRGSUP,W6100_6220,KTOE,BG	3.392 	9.076 	7.309 	13.447 	13.089 	18.272 	31.504 	38.719 	50.041 	66.527 	66.158 	74.216 ",
456,"A,NRGSUP,W6100_6220,KTOE,CY	7.141 	0.096 	0.573 	1.075 	7.548 	12.324 	15.835 	21.553 	22.969 	30.786 	34.802 	40.421 ",
457,"A,NRGSUP,W6100_6220,KTOE,CZ	200.822 	219.929 	225.208 	216.299 	250.693 	277.300 	304.481 	305.660 	346.484 	359.446 	368.493 	366.109 ",
458,"A,NRGSUP,W6100_6220,KTOE,DE	3906.157 	3873.865 	4016.433 	4107.361 	4302.164 	4251.911 	4513.471 	4514.020 	4217.636 	4248.089 	4203.115 	4221.338 ",
459,"A,NRGSUP,W6100_6220,KTOE,DK	409.572 	413.020 	401.374 	402.614 	416.202 	429.058 	429.417 	439.349 	435.244 	446.322 	447.190 	436.367 ",
460,"A,NRGSUP,W6100_6220,KTOE,EE	0.000 	0.000 	0.000 	104.328 	68.262 	47.339 	46.360 	45.097 	49.784 	42.217 	34.224 	35.926 ",
461,"A,NRGSUP,W6100_6220,KTOE,EL	32.029 	28.064 	14.928 	21.090 	20.732 	89.137 	60.118 	0.000 	28.961 	41.978 	9.673 	7.858 ",
462,"A,NRGSUP,W6100_6220,KTOE,ES	322.248 	374.314 	345.175 	352.649 	374.404 	413.695 	438.815 	472.317 	547.305 	525.787 	539.722 	517.324 ",
463,"A,NRGSUP,W6100_6220,KTOE,EU27_2020	10678.150 	11345.265 	11464.233 	11944.793 	12504.654 	12758.175 	13755.753 	13827.765 	13907.515 	14147.391 	14363.295 	14495.029 ",
464,"A,NRGSUP,W6100_6220,KTOE,FI	146.150 	144.502 	183.864 	209.181 	236.266 	239.324 	263.280 	289.577 	293.948 	295.858 	293.709 	322.633 ",
465,"A,NRGSUP,W6100_6220,KTOE,FR	1251.209 	1560.168 	1610.873 	1653.443 	1698.640 	1681.438 	1751.369 	1701.800 	1710.058 	1744.985 	1638.137 	1725.490 ",
466,"A,NRGSUP,W6100_6220,KTOE,GE	: 	: 	: 	0.000 	0.000 	0.000 	0.000 	0.000 	0.000 	0.000 	0.000 	0.000 ",
467,"A,NRGSUP,W6100_6220,KTOE,HR	7.619 	4.275 	8.145 	8.742 	10.151 	9.315 	10.151 	11.529 	19.530 	26.963 	38.939 	45.178 ",
468,"A,NRGSUP,W6100_6220,KTOE,HU	87.848 	100.363 	89.185 	83.142 	102.465 	132.321 	158.044 	163.920 	194.277 	215.081 	211.068 	244.960 ",
469,"A,NRGSUP,W6100_6220,KTOE,IE	8.552 	14.183 	45.722 	61.390 	66.104 	68.799 	66.655 	113.264 	145.465 	145.319 	146.752 	142.841 ",
470,"A,NRGSUP,W6100_6220,KTOE,IS	0.430 	0.000 	0.000 	0.000 	0.000 	0.000 	0.000 	0.000 	0.000 	0.000 	0.000 	0.000 ",
471,"A,NRGSUP,W6100_6220,KTOE,IT	1041.058 	1135.139 	1132.273 	1137.981 	1157.758 	1149.207 	1183.123 	1134.201 	1132.984 	1182.331 	1190.111 	1141.808 ",
472,"A,NRGSUP,W6100_6220,KTOE,LT	0.000 	0.000 	0.000 	14.880 	18.057 	22.523 	49.274 	33.653 	35.755 	35.994 	58.589 	90.714 ",
473,"A,NRGSUP,W6100_6220,KTOE,LU	30.787 	31.954 	32.280 	33.515 	32.683 	33.875 	33.836 	36.941 	37.957 	38.094 	44.739 	41.551 ",
474,"A,NRGSUP,W6100_6220,KTOE,LV	28.208 	53.478 	55.675 	52.928 	65.300 	55.006 	36.687 	26.104 	45.249 	42.628 	52.620 	47.328 ",
475,"A,NRGSUP,W6100_6220,KTOE,MD	0.000 	0.000 	0.000 	0.000 	0.000 	0.000 	0.000 	0.000 	0.000 	0.000 	0.000 	0.000 ",
476,"A,NRGSUP,W6100_6220,KTOE,ME	0.000 	0.000 	0.000 	0.000 	0.000 	0.000 	0.000 	0.000 	0.000 	0.000 	0.000 	0.000 ",
477,"A,NRGSUP,W6100_6220,KTOE,MK	0.000 	0.000 	0.000 	0.000 	0.000 	0.000 	0.000 	0.000 	0.000 	0.000 	0.000 	0.000 ",
478,"A,NRGSUP,W6100_6220,KTOE,MT	0.000 	0.000 	0.000 	0.000 	0.000 	0.000 	0.000 	0.000 	0.000 	0.000 	0.000 	0.000 ",
479,"A,NRGSUP,W6100_6220,KTOE,NL	724.539 	760.151 	746.776 	795.142 	819.265 	889.355 	934.800 	934.231 	937.676 	892.385 	860.920 	896.595 ",
480,"A,NRGSUP,W6100_6220,KTOE,NO	162.370 	187.119 	213.424 	241.639 	249.751 	260.096 	255.229 	253.627 	272.222 	266.035 	265.035 	265.655 ",
481,"A,NRGSUP,W6100_6220,KTOE,PL	397.535 	440.599 	419.461 	451.013 	514.665 	523.479 	741.521 	870.242 	1010.755 	1064.780 	1069.116 	984.441 ",
482,"A,NRGSUP,W6100_6220,KTOE,PT	158.689 	180.090 	151.715 	169.533 	169.963 	155.130 	197.599 	188.506 	173.684 	179.453 	187.125 	186.664 ",
483,"A,NRGSUP,W6100_6220,KTOE,RO	30.477 	28.733 	27.420 	40.986 	69.886 	71.988 	79.536 	92.922 	171.123 	153.184 	281.648 	319.388 ",
484,"A,NRGSUP,W6100_6220,KTOE,RS	9.267 	6.879 	0.000 	0.287 	0.812 	0.860 	1.075 	1.046 	1.168 	1.223 	1.372 	1.392 ",
485,"A,NRGSUP,W6100_6220,KTOE,SE	515.143 	504.586 	531.265 	572.776 	592.457 	623.483 	785.827 	824.902 	772.308 	819.695 	989.491 	973.273 ",
486,"A,NRGSUP,W6100_6220,KTOE,SI	18.606 	23.932 	23.383 	25.533 	32.865 	37.594 	40.413 	48.097 	57.543 	62.033 	57.197 	54.733 ",
487,"A,NRGSUP,W6100_6220,KTOE,SK	35.206 	39.553 	44.306 	125.514 	151.524 	190.647 	200.965 	204.906 	183.864 	210.399 	234.833 	236.983 ",
488,"A,NRGSUP,W6100_6220,KTOE,TR	3.869 	5.613 	5.016 	4.395 	3.439 	32.531 	49.369 	58.424 	886.959 	873.727 	916.145 	1082.853 ",
489,"A,NRGSUP,W6100_6220,KTOE,UA	0.000 	0.000 	0.000 	0.000 	0.000 	0.000 	0.000 	2.484 	0.000 	0.000 	814.235 	: ",
490,"A,NRGSUP,W6100_6220,KTOE,UK	460.614 	738.607 	797.721 	619.972 	855.212 	986.816 	1312.148 	1177.439 	1297.483 	1531.241 	: 	: ",
491,"A,NRGSUP,W6100_6220,KTOE,XK	0.000 	0.000 	0.000 	0.000 	0.000 	0.000 	0.000 	0.000 	0.000 	0.000 	0.000 	0.000 ",
